"","category","over_represented_pvalue","under_represented_pvalue","numDEInCat","numInCat","term","ontology"
"971","GO:0002376",7.35307384753123e-23,1,937,2979,"immune system process","BP"
"2612","GO:0005622",1.53054793800162e-22,1,3961,14896,"intracellular anatomical structure","CC"
"6410","GO:0019814",2.39103552800654e-22,1,98,162,"immunoglobulin complex","CC"
"2554","GO:0005515",6.29281626374437e-21,1,3860,14621,"protein binding","MF"
"3402","GO:0006955",1.55398522950564e-20,1,695,2172,"immune response","BP"
"2542","GO:0005488",2.02420982629822e-19,1,4263,16465,"binding","MF"
"12421","GO:0048518",1.45659705035775e-18,1,1822,6204,"positive regulation of biological process","BP"
"2622","GO:0005654",2.54363280718059e-18,1,1305,4254,"nucleoplasm","CC"
"881","GO:0002250",3.59014421445755e-18,1,290,761,"adaptive immune response","BP"
"11281","GO:0045321",3.98815103125531e-18,1,366,1004,"leukocyte activation","BP"
"1605","GO:0003823",4.33390973967837e-18,1,93,169,"antigen binding","MF"
"1151","GO:0002684",7.88157206809869e-18,1,414,1167,"positive regulation of immune system process","BP"
"2664","GO:0005737",1.00770026978092e-17,1,3287,12218,"cytoplasm","CC"
"7793","GO:0031974",1.71315173652984e-17,1,1689,5792,"membrane-enclosed lumen","CC"
"10645","GO:0043233",1.71315173652984e-17,1,1689,5792,"organelle lumen","CC"
"14768","GO:0070013",1.71315173652984e-17,1,1689,5792,"intracellular organelle lumen","CC"
"7794","GO:0031981",1.71333020499332e-17,1,1397,4624,"nuclear lumen","CC"
"10643","GO:0043231",2.3998268219855e-17,1,3295,12205,"intracellular membrane-bounded organelle","CC"
"12425","GO:0048522",3.58993255246188e-17,1,1710,5810,"positive regulation of cellular process","BP"
"558","GO:0001775",4.06357199740129e-17,1,410,1158,"cell activation","BP"
"8444","GO:0032991",4.54809488371803e-17,1,1706,5895,"protein-containing complex","CC"
"10639","GO:0043227",1.20320243227188e-16,1,3541,13255,"membrane-bounded organelle","CC"
"12454","GO:0048583",1.92238232221313e-16,1,1252,4118,"regulation of response to stimulus","BP"
"1207","GO:0002757",5.47146703965301e-16,1,227,562,"immune response-activating signaling pathway","BP"
"11883","GO:0046649",5.55428904796718e-16,1,308,836,"lymphocyte activation","BP"
"1149","GO:0002682",1.22356606405335e-15,1,548,1671,"regulation of immune system process","BP"
"10641","GO:0043229",1.30049608235233e-15,1,3539,13272,"intracellular organelle","CC"
"1025","GO:0002460",1.47059596014681e-15,1,165,388,"adaptive immune response based on somatic recombination of immune receptors built from immunoglobulin superfamily domains","BP"
"884","GO:0002253",2.54378309640301e-15,1,244,625,"activation of immune response","BP"
"10638","GO:0043226",4.88386681208875e-15,1,3725,14080,"organelle","CC"
"12797","GO:0050778",8.24333451585297e-15,1,300,825,"positive regulation of immune response","BP"
"2720","GO:0005829",1.5066848596609e-14,1,1611,5580,"cytosol","CC"
"1214","GO:0002764",1.7809468598726e-14,1,239,621,"immune response-regulating signaling pathway","BP"
"12795","GO:0050776",3.25151610292714e-14,1,359,1039,"regulation of immune response","BP"
"4486","GO:0009966",4.16775690845922e-14,1,971,3111,"regulation of signal transduction","BP"
"12856","GO:0050865",4.65492189185087e-14,1,245,653,"regulation of cell activation","BP"
"12455","GO:0048584",5.92560323708379e-14,1,757,2410,"positive regulation of response to stimulus","BP"
"1064","GO:0002521",1.89618045569439e-13,1,245,643,"leukocyte differentiation","BP"
"4155","GO:0009057",2.02311668687223e-13,1,513,1537,"macromolecule catabolic process","BP"
"1161","GO:0002694",2.08176252703556e-13,1,224,594,"regulation of leukocyte activation","BP"
"1217","GO:0002768",2.76603189436313e-13,1,155,372,"immune response-regulating cell surface receptor signaling pathway","BP"
"19671","GO:1903131",3.10378885299763e-13,1,210,535,"mononuclear cell differentiation","BP"
"6365","GO:0019724",3.24349890629088e-13,1,94,196,"B cell mediated immunity","BP"
"5511","GO:0016064",3.5773166904425e-13,1,93,193,"immunoglobulin mediated immune response","BP"
"12426","GO:0048523",3.71164435807946e-13,1,1522,5201,"negative regulation of cellular process","BP"
"998","GO:0002429",6.54188160494362e-13,1,144,341,"immune response-activating cell surface receptor signaling pathway","BP"
"883","GO:0002252",7.79345548730918e-13,1,262,737,"immune effector process","BP"
"10600","GO:0043170",8.35084288214798e-13,1,2401,8720,"macromolecule metabolic process","BP"
"6904","GO:0030097",8.59052013362531e-13,1,347,993,"hemopoiesis","BP"
"1018","GO:0002449",1.05533355607938e-12,1,151,376,"lymphocyte mediated immunity","BP"
"12842","GO:0050851",1.08729169355712e-12,1,100,211,"antigen receptor-mediated signaling pathway","BP"
"10107","GO:0042110",1.73404854150857e-12,1,223,602,"T cell activation","BP"
"19432","GO:1902531",2.52743313722654e-12,1,654,2029,"regulation of intracellular signal transduction","BP"
"12422","GO:0048519",3.33458574441683e-12,1,1570,5429,"negative regulation of biological process","BP"
"6905","GO:0030098",3.59797248081659e-12,1,176,438,"lymphocyte differentiation","BP"
"18172","GO:0140513",4.24017842759361e-12,1,430,1281,"nuclear protein-containing complex","CC"
"4647","GO:0010604",8.25808556408575e-12,1,955,3151,"positive regulation of macromolecule metabolic process","BP"
"4462","GO:0009893",1.21018629081882e-11,1,1040,3478,"positive regulation of metabolic process","BP"
"6326","GO:0019538",1.24697084267639e-11,1,1207,4183,"protein metabolic process","BP"
"13073","GO:0051249",1.38804813297429e-11,1,196,526,"regulation of lymphocyte activation","BP"
"16223","GO:0080134",1.41783138114386e-11,1,471,1460,"regulation of response to stress","BP"
"3782","GO:0008152",1.50618602469151e-11,1,2884,10770,"metabolic process","BP"
"9389","GO:0035556",1.92711623351583e-11,1,944,3086,"intracellular signal transduction","BP"
"13008","GO:0051128",2.1739196591799e-11,1,790,2501,"regulation of cellular component organization","BP"
"6450","GO:0019899",2.77151350863841e-11,1,672,2097,"enzyme binding","MF"
"6852","GO:0023051",2.83657616073463e-11,1,1072,3554,"regulation of signaling","BP"
"4682","GO:0010646",3.27387378577965e-11,1,1073,3559,"regulation of cell communication","BP"
"12808","GO:0050794",3.66496408289439e-11,1,3010,11272,"regulation of cellular process","BP"
"12804","GO:0050789",4.776194969976e-11,1,3112,11695,"regulation of biological process","BP"
"9755","GO:0036211",4.82640339704441e-11,1,673,2125,"protein modification process","BP"
"10975","GO:0044238",4.89970955944957e-11,1,2579,9536,"primary metabolic process","BP"
"8654","GO:0033554",5.62711645558158e-11,1,600,1892,"cellular response to stress","BP"
"3381","GO:0006914",6.8576462620396e-11,1,229,613,"autophagy","BP"
"14651","GO:0061919",6.8576462620396e-11,1,229,613,"process utilizing autophagic mechanism","BP"
"1012","GO:0002443",7.55014846626682e-11,1,175,473,"leukocyte mediated immunity","BP"
"6954","GO:0030163",8.04956767976293e-11,1,381,1134,"protein catabolic process","BP"
"19106","GO:1901652",1.16736178912335e-10,1,327,981,"response to peptide","BP"
"10756","GO:0043412",1.26568140078482e-10,1,717,2307,"macromolecule modification","BP"
"4154","GO:0009056",1.4203953203249e-10,1,818,2721,"catabolic process","BP"
"3781","GO:0008150",2.0472071591356e-10,1,4408,17405,"biological_process","BP"
"8808","GO:0034097",2.13067884050689e-10,1,322,968,"response to cytokine","BP"
"16224","GO:0080135",3.39447291499197e-10,1,200,538,"regulation of cellular response to stress","BP"
"14755","GO:0065007",3.7953356760973e-10,1,3200,12093,"biological regulation","BP"
"1163","GO:0002696",4.61670966492946e-10,1,146,376,"positive regulation of leukocyte activation","BP"
"12858","GO:0050867",4.6763742015952e-10,1,152,395,"positive regulation of cell activation","BP"
"4913","GO:0012505",6.7058780493963e-10,1,1389,4882,"endomembrane system","CC"
"2613","GO:0005634",7.22811811301883e-10,1,2110,7667,"nucleus","CC"
"13249","GO:0051603",8.73871865287779e-10,1,304,890,"proteolysis involved in protein catabolic process","BP"
"15448","GO:0071345",1.03366297801849e-09,1,293,879,"cellular response to cytokine stimulus","BP"
"12879","GO:0050896",1.1975523475807e-09,1,2417,9105,"response to stimulus","BP"
"11991","GO:0046907",1.27849086066045e-09,1,469,1436,"intracellular transport","BP"
"3751","GO:0008104",1.33148533686251e-09,1,768,2485,"intracellular protein localization","BP"
"6232","GO:0019222",1.34101224768032e-09,1,1745,6217,"regulation of metabolic process","BP"
"6992","GO:0030217",1.41964933775709e-09,1,132,327,"T cell differentiation","BP"
"13075","GO:0051251",1.48345011272975e-09,1,134,343,"positive regulation of lymphocyte activation","BP"
"4463","GO:0009894",1.70397919572114e-09,1,351,1041,"regulation of catabolic process","BP"
"13010","GO:0051130",1.84189717360381e-09,1,386,1147,"positive regulation of cellular component organization","BP"
"15749","GO:0071840",1.98246596809913e-09,1,1922,6822,"cellular component organization or biogenesis","BP"
"3555","GO:0007249",2.45296378799462e-09,1,136,346,"canonical NF-kappaB signal transduction","BP"
"7489","GO:0031349",3.14066884439695e-09,1,197,559,"positive regulation of defense response","BP"
"3398","GO:0006950",3.21005994711201e-09,1,1144,4071,"response to stress","BP"
"4487","GO:0009967",3.57562132945206e-09,1,514,1626,"positive regulation of signal transduction","BP"
"15127","GO:0070661",3.60372876858546e-09,1,132,350,"leukocyte proliferation","BP"
"5499","GO:0016043",3.76489543570899e-09,1,1869,6609,"cellular component organization","BP"
"12844","GO:0050853",4.09271993310602e-09,0.999999999017858,43,75,"B cell receptor signaling pathway","BP"
"5769","GO:0016604",4.54027009496717e-09,1,304,887,"nuclear body","CC"
"875","GO:0002237",4.62576498254574e-09,1,134,357,"response to molecule of bacterial origin","BP"
"866","GO:0002221",4.64875473920865e-09,1,125,311,"pattern recognition receptor signaling pathway","BP"
"19630","GO:1903037",4.67424584021722e-09,1,146,388,"regulation of leukocyte cell-cell adhesion","BP"
"12854","GO:0050863",6.18405334687379e-09,1,148,400,"regulation of T cell activation","BP"
"16217","GO:0080090",6.30848903183157e-09,1,1461,5135,"regulation of primary metabolic process","BP"
"13070","GO:0051246",6.66796445377349e-09,1,470,1497,"regulation of protein metabolic process","BP"
"4461","GO:0009892",9.08014616632758e-09,1,847,2844,"negative regulation of metabolic process","BP"
"13789","GO:0060255",9.43861411043936e-09,1,1598,5679,"regulation of macromolecule metabolic process","BP"
"19632","GO:1903039",9.62922006122433e-09,1,114,286,"positive regulation of leukocyte cell-cell adhesion","BP"
"15375","GO:0071219",9.7707379955096e-09,1,94,230,"cellular response to molecule of bacterial origin","BP"
"15378","GO:0071222",1.12395836950057e-08,1,89,215,"cellular response to lipopolysaccharide","BP"
"3499","GO:0007159",1.12631976359411e-08,1,156,426,"leukocyte cell-cell adhesion","BP"
"13689","GO:0060090",1.14919275871335e-08,1,452,1389,"molecular adaptor activity","MF"
"10573","GO:0043122",1.17216424718086e-08,1,125,319,"regulation of canonical NF-kappaB signal transduction","BP"
"1563","GO:0003674",1.21276554197285e-08,1,4496,17928,"molecular_function","MF"
"15372","GO:0071216",1.31710059496006e-08,1,103,257,"cellular response to biotic stimulus","BP"
"13275","GO:0051649",1.36704198208198e-08,1,621,2002,"establishment of localization in cell","BP"
"4460","GO:0009891",1.51533380098985e-08,1,803,2707,"positive regulation of biosynthetic process","BP"
"13302","GO:0051707",1.59610613633775e-08,1,487,1672,"response to other organism","BP"
"4386","GO:0009607",1.67295553778178e-08,1,499,1715,"response to biotic stimulus","BP"
"1208","GO:0002758",1.76628306840018e-08,1,128,328,"innate immune response-activating signaling pathway","BP"
"12861","GO:0050870",1.774138896727e-08,1,106,265,"positive regulation of T cell activation","BP"
"3771","GO:0008134",1.80171902797985e-08,1,217,602,"transcription factor binding","MF"
"4603","GO:0010506",1.83134500871529e-08,1,145,373,"regulation of autophagy","BP"
"8411","GO:0032943",1.83245642582532e-08,1,119,315,"mononuclear cell proliferation","BP"
"4601","GO:0010498",1.83337004399498e-08,1,226,650,"proteasomal protein catabolic process","BP"
"8118","GO:0032496",1.88844813738801e-08,1,125,335,"response to lipopolysaccharide","BP"
"10627","GO:0043207",1.92096268397985e-08,1,487,1675,"response to external biotic stimulus","BP"
"11549","GO:0045935",2.05472822754873e-08,1,622,2014,"positive regulation of nucleobase-containing compound metabolic process","BP"
"13044","GO:0051179",2.09121464066873e-08,1,1512,5344,"localization","BP"
"3360","GO:0006886",2.15194048164687e-08,1,237,672,"intracellular protein transport","BP"
"5596","GO:0016236",2.2022476660971e-08,1,152,400,"macroautophagy","BP"
"1248","GO:0002831",2.23739027923401e-08,1,207,597,"regulation of response to biotic stimulus","BP"
"12950","GO:0051020",2.28312536006412e-08,1,132,318,"GTPase binding","MF"
"4157","GO:0009059",2.28792340169264e-08,1,1828,6680,"macromolecule biosynthetic process","BP"
"8477","GO:0033036",2.50367010603292e-08,1,884,2962,"macromolecule localization","BP"
"4911","GO:0012501",2.57211418303162e-08,1,599,1995,"programmed cell death","BP"
"3382","GO:0006915",2.6258075753131e-08,1,580,1925,"apoptotic process","BP"
"5082","GO:0015031",2.83787263848097e-08,1,459,1450,"protein transport","BP"
"5573","GO:0016192",2.96216313529859e-08,1,502,1589,"vesicle-mediated transport","BP"
"3506","GO:0007166",3.06123627736009e-08,1,851,2882,"cell surface receptor signaling pathway","BP"
"8614","GO:0033365",3.14644065333108e-08,1,317,936,"protein localization to organelle","BP"
"3827","GO:0008219",3.51951040131135e-08,1,599,1999,"cell death","BP"
"9063","GO:0034612",3.71641844518679e-08,1,92,228,"response to tumor necrosis factor","BP"
"4621","GO:0010557",3.77756652244004e-08,1,768,2587,"positive regulation of macromolecule biosynthetic process","BP"
"16781","GO:0097190",3.79104677117845e-08,1,211,622,"apoptotic signaling pathway","BP"
"7795","GO:0031982",4.0752180990986e-08,1,1139,4065,"vesicle","CC"
"864","GO:0002218",4.10472374505919e-08,1,133,348,"activation of innate immune response","BP"
"10108","GO:0042113",4.39161391812781e-08,1,112,288,"B cell activation","BP"
"6231","GO:0019221",4.7290570516337e-08,1,186,550,"cytokine-mediated signaling pathway","BP"
"11039","GO:0044419",4.87344475119697e-08,1,530,1835,"biological process involved in interspecies interaction between organisms","BP"
"6788","GO:0022407",4.89665587901295e-08,1,181,510,"regulation of cell-cell adhesion","BP"
"13078","GO:0051254",4.99724994126132e-08,1,568,1827,"positive regulation of RNA metabolic process","BP"
"19434","GO:1902533",5.31807630903026e-08,1,371,1158,"positive regulation of intracellular signal transduction","BP"
"19486","GO:1902680",5.3439800483495e-08,1,528,1688,"positive regulation of RNA biosynthetic process","BP"
"11519","GO:0045893",5.98685286975367e-08,1,527,1686,"positive regulation of DNA-templated transcription","BP"
"11884","GO:0046651",6.18767201314101e-08,1,115,308,"lymphocyte proliferation","BP"
"4648","GO:0010605",6.30757410618493e-08,1,779,2623,"negative regulation of macromolecule metabolic process","BP"
"8300","GO:0032784",6.47981173615889e-08,0.999999978893057,52,103,"regulation of DNA-templated transcription elongation","BP"
"11238","GO:0045184",6.82902740153548e-08,1,536,1738,"establishment of protein localization","BP"
"13268","GO:0051641",7.15006188352806e-08,1,754,2503,"cellular localization","BP"
"7873","GO:0032103",7.24496355879551e-08,1,226,683,"positive regulation of response to external stimulus","BP"
"4156","GO:0009058",7.40309877504149e-08,1,2077,7716,"biosynthetic process","BP"
"3859","GO:0008283",7.66550776417234e-08,1,593,1985,"cell population proliferation","BP"
"11186","GO:0045088",8.44345591159739e-08,1,177,501,"regulation of innate immune response","BP"
"3003","GO:0006354",9.46185625058718e-08,0.999999963598458,65,141,"DNA-templated transcription elongation","BP"
"6790","GO:0022409",9.78844964186641e-08,1,128,340,"positive regulation of cell-cell adhesion","BP"
"11869","GO:0046631",1.03480310483539e-07,1,84,205,"alpha-beta T cell activation","BP"
"7205","GO:0030674",1.13427058158209e-07,1,405,1249,"protein-macromolecule adaptor activity","MF"
"15459","GO:0071356",1.14664556064246e-07,1,85,211,"cellular response to tumor necrosis factor","BP"
"10574","GO:0043123",1.23591005417203e-07,1,94,232,"positive regulation of canonical NF-kappaB signal transduction","BP"
"10958","GO:0044093",1.278082448237e-07,1,179,505,"positive regulation of molecular function","BP"
"1250","GO:0002833",1.38140979768543e-07,1,160,449,"positive regulation of response to biotic stimulus","BP"
"11369","GO:0045619",1.50403019941886e-07,1,91,225,"regulation of lymphocyte differentiation","BP"
"7487","GO:0031347",1.55117841925931e-07,1,278,870,"regulation of defense response","BP"
"15679","GO:0071705",1.71838765845525e-07,1,585,1925,"nitrogen compound transport","BP"
"3411","GO:0006974",1.82611511318954e-07,1,304,929,"DNA damage response","BP"
"14757","GO:0065009",1.98770009097911e-07,1,293,901,"regulation of molecular function","BP"
"3105","GO:0006511",1.98836658532609e-07,1,243,722,"ubiquitin-dependent protein catabolic process","BP"
"16784","GO:0097193",2.0010375863735e-07,1,119,322,"intrinsic apoptotic signaling pathway","BP"
"10548","GO:0043067",2.12086420548216e-07,1,459,1510,"regulation of programmed cell death","BP"
"10877","GO:0043632",2.13546017616264e-07,1,247,738,"modification-dependent macromolecule catabolic process","BP"
"8482","GO:0033043",2.20810457894518e-07,1,382,1182,"regulation of organelle organization","BP"
"6854","GO:0023056",2.22206985891774e-07,1,556,1831,"positive regulation of signaling","BP"
"11187","GO:0045089",2.24686178436415e-07,1,150,416,"positive regulation of innate immune response","BP"
"8559","GO:0033209",2.39431259805387e-07,0.999999911543072,56,123,"tumor necrosis factor-mediated signaling pathway","BP"
"3015","GO:0006368",2.65125990100215e-07,0.999999899593207,59,127,"transcription elongation by RNA polymerase II","BP"
"6464","GO:0019941",2.66256703436828e-07,1,245,733,"modification-dependent protein catabolic process","BP"
"19269","GO:1902105",2.78776471933671e-07,1,125,336,"regulation of leukocyte differentiation","BP"
"10659","GO:0043254",2.8410659463425e-07,1,158,433,"regulation of protein-containing complex assembly","BP"
"17044","GO:0098542",3.28844987494592e-07,1,345,1189,"defense response to other organism","BP"
"6947","GO:0030155",4.11653436195473e-07,1,269,808,"regulation of cell adhesion","BP"
"11340","GO:0045580",4.33065206099124e-07,0.999999802883385,80,192,"regulation of T cell differentiation","BP"
"4720","GO:0010720",5.45616986127984e-07,1,162,442,"positive regulation of cell development","BP"
"14137","GO:0060759",5.49268288444516e-07,0.999999750847453,78,187,"regulation of response to cytokine stimulus","BP"
"7454","GO:0031267",5.94920751502259e-07,1,116,283,"small GTPase binding","MF"
"4683","GO:0010647",5.95244212232276e-07,0.99999974071197,554,1830,"positive regulation of cell communication","BP"
"19414","GO:1902494",6.48929476801721e-07,0.999999717762725,532,1804,"catalytic complex","CC"
"11870","GO:0046632",6.82870753122852e-07,0.999999720164758,63,142,"alpha-beta T cell differentiation","BP"
"8898","GO:0034243",7.76812149775308e-07,0.999999737471224,46,93,"regulation of transcription elongation by RNA polymerase II","BP"
"13306","GO:0051716",8.01202210109765e-07,0.999999414788109,1994,7492,"cellular response to stimulus","BP"
"13071","GO:0051247",8.6821968949588e-07,0.999999645587052,265,815,"positive regulation of protein metabolic process","BP"
"10952","GO:0044087",8.73396710404188e-07,0.99999963381956,345,1048,"regulation of cellular component biogenesis","BP"
"7507","GO:0031399",9.33773983450707e-07,0.999999628847107,214,637,"regulation of protein modification process","BP"
"10891","GO:0043687",9.41448700869318e-07,0.999999606397333,330,1022,"post-translational protein modification","BP"
"9632","GO:0035966",9.55403719062585e-07,0.999999574894637,72,170,"response to topologically incorrect protein","BP"
"20938","GO:1905897",1.00420244340846e-06,0.999999657049381,45,94,"regulation of response to endoplasmic reticulum stress","BP"
"12807","GO:0050793",1.02796152787234e-06,0.999999321940758,741,2475,"regulation of developmental process","BP"
"2712","GO:0005813",1.08431253904628e-06,0.999999558782482,257,758,"centrosome","CC"
"18443","GO:0141124",1.11814243432324e-06,0.999999272951853,600,1972,"intracellular signaling cassette","BP"
"12843","GO:0050852",1.33470486109135e-06,0.999999426680922,65,152,"T cell receptor signaling pathway","BP"
"2899","GO:0006139",1.37034319155113e-06,0.999998938437441,1540,5577,"nucleobase-containing compound metabolic process","BP"
"10919","GO:0043933",1.42232114827624e-06,0.999999078634087,553,1857,"protein-containing complex organization","BP"
"963","GO:0002366",1.62001273255733e-06,0.999999414180968,116,322,"leukocyte activation involved in immune response","BP"
"7144","GO:0030522",1.62616075077376e-06,0.999999379508594,158,437,"intracellular receptor signaling pathway","BP"
"10497","GO:0042981",2.0795378854087e-06,0.999998674460545,441,1462,"regulation of apoptotic process","BP"
"9166","GO:0034976",2.46544388662596e-06,0.999999119541877,107,284,"response to endoplasmic reticulum stress","BP"
"9633","GO:0035967",2.49891677157698e-06,0.999998996476103,55,122,"cellular response to topologically incorrect protein","BP"
"4465","GO:0009896",2.52729422525409e-06,0.999998687692006,196,562,"positive regulation of catabolic process","BP"
"7640","GO:0031663",2.54694582678511e-06,0.999999270510942,33,64,"lipopolysaccharide-mediated signaling pathway","BP"
"12857","GO:0050866",3.18567440911086e-06,0.999998603878907,86,227,"negative regulation of cell activation","BP"
"1204","GO:0002753",3.20422721461144e-06,0.999998910754655,86,214,"cytoplasmic pattern recognition receptor signaling pathway","BP"
"18184","GO:0140546",3.93704910328544e-06,0.999997395922401,336,1172,"defense response to symbiont","BP"
"17007","GO:0097708",3.98705557105243e-06,0.99999692136459,744,2584,"intracellular vesicle","CC"
"697","GO:0001959",4.18563678869497e-06,0.999998026312372,72,177,"regulation of cytokine-mediated signaling pathway","BP"
"3419","GO:0006996",4.21888093401824e-06,0.999996639724603,1034,3597,"organelle organization","BP"
"8027","GO:0032386",4.3490543075281e-06,0.999997990585176,104,271,"regulation of intracellular transport","BP"
"596","GO:0001819",4.37250138099909e-06,0.999997517399408,170,517,"positive regulation of cytokine production","BP"
"8073","GO:0032446",4.52151064740117e-06,0.999997090148617,277,852,"protein modification by small protein conjugation","BP"
"7005","GO:0030234",4.52479667988019e-06,0.999996761751113,428,1406,"enzyme regulator activity","MF"
"7516","GO:0031410",4.65326583233979e-06,0.999996403396904,741,2576,"cytoplasmic vesicle","CC"
"16493","GO:0090304",4.78374413488537e-06,0.999996076154443,1391,4998,"nucleic acid metabolic process","BP"
"4385","GO:0009605",4.80347143854397e-06,0.999996299061627,701,2503,"response to external stimulus","BP"
"888","GO:0002263",4.93351303566496e-06,0.999997415608262,116,326,"cell activation involved in immune response","BP"
"12456","GO:0048585",5.02896812105506e-06,0.999996260073462,537,1780,"negative regulation of response to stimulus","BP"
"7217","GO:0030695",5.25461780493513e-06,0.999996998375311,182,494,"GTPase regulator activity","MF"
"8537","GO:0033157",5.4181344586539e-06,0.999997570620087,64,149,"regulation of intracellular protein transport","BP"
"18772","GO:1900101",5.42047125169058e-06,0.999998921088369,22,36,"regulation of endoplasmic reticulum unfolded protein response","BP"
"4622","GO:0010558",5.44398985407858e-06,0.999995817789082,679,2300,"negative regulation of macromolecule biosynthetic process","BP"
"9489","GO:0035710",5.73682363192137e-06,0.99999752081017,58,137,"CD4-positive, alpha-beta T cell activation","BP"
"8412","GO:0032944",5.77809076733168e-06,0.999997373956657,92,254,"regulation of mononuclear cell proliferation","BP"
"11371","GO:0045621",5.8734118243249e-06,0.999997428867504,60,140,"positive regulation of lymphocyte differentiation","BP"
"1150","GO:0002683",5.8830164308325e-06,0.999996435898467,182,553,"negative regulation of immune system process","BP"
"14034","GO:0060589",5.98115616149147e-06,0.999996575633509,182,495,"nucleoside-triphosphatase regulator activity","MF"
"15120","GO:0070647",6.16184296800187e-06,0.999995833459665,309,962,"protein modification by small protein conjugation or removal","BP"
"4591","GO:0010467",6.20731966116934e-06,0.99999481461277,1703,6294,"gene expression","BP"
"3399","GO:0006952",6.26111959731182e-06,0.999995267615647,541,1943,"defense response","BP"
"18669","GO:0160240",6.62692737997315e-06,0.999999292320871,15,20,"RNA polymerase II transcription initiation surveillance","BP"
"3505","GO:0007165",6.64170969783772e-06,0.999994455202449,1641,6149,"signal transduction","BP"
"10557","GO:0043087",6.66960361210287e-06,0.999997064067566,62,137,"regulation of GTPase activity","BP"
"11467","GO:0045785",7.1989461650985e-06,0.999995674122502,173,507,"positive regulation of cell adhesion","BP"
"7476","GO:0031334",7.40592741135462e-06,0.999996734659651,83,210,"positive regulation of protein-containing complex assembly","BP"
"15129","GO:0070663",7.62149638909725e-06,0.999996117163235,99,279,"regulation of leukocyte proliferation","BP"
"15695","GO:0071735",7.65684166178473e-06,0.999999606032103,11,13,"IgG immunoglobulin complex","CC"
"11548","GO:0045934",7.76203476679117e-06,0.999994191130786,492,1621,"negative regulation of nucleobase-containing compound metabolic process","BP"
"3416","GO:0006986",8.25240122273745e-06,0.999996258235595,62,150,"response to unfolded protein","BP"
"19921","GO:1903706",8.70250365936566e-06,0.999994902636441,149,432,"regulation of hemopoiesis","BP"
"4459","GO:0009890",8.71815208834218e-06,0.999993160463897,696,2373,"negative regulation of biosynthetic process","BP"
"18665","GO:0160232",8.72848579257879e-06,0.999999336802559,13,16,"INTAC complex","CC"
"17062","GO:0098588",8.83777132153073e-06,0.999993091718517,666,2259,"bounding membrane of organelle","CC"
"13313","GO:0051726",9.33402805847174e-06,0.999993366424553,337,1068,"regulation of cell cycle","BP"
"11185","GO:0045087",9.7038956398918e-06,0.999993234157041,311,1060,"innate immune response","BP"
"11173","GO:0045058",1.02385705972937e-05,0.999996830111475,33,64,"T cell selection","BP"
"12399","GO:0048471",1.04422721846733e-05,0.999993011033665,241,729,"perinuclear region of cytoplasm","CC"
"12743","GO:0050670",1.06131089512524e-05,0.999994486463518,90,250,"regulation of lymphocyte proliferation","BP"
"10140","GO:0042176",1.09210693403495e-05,0.999993734476899,133,377,"regulation of protein catabolic process","BP"
"11875","GO:0046637",1.20870054408989e-05,0.999995744826423,38,81,"regulation of alpha-beta T cell differentiation","BP"
"9171","GO:0034987",1.22238745421093e-05,0.999998675026821,14,19,"immunoglobulin receptor binding","MF"
"7378","GO:0031090",1.29930693437668e-05,0.99998926950414,1066,3837,"organelle membrane","CC"
"3103","GO:0006508",1.33645259146493e-05,0.999989861137138,464,1565,"proteolysis","BP"
"3401","GO:0006954",1.34275821685048e-05,0.999990646065861,274,912,"inflammatory response","BP"
"21973","GO:2001242",1.39738668316475e-05,0.999993148036006,69,182,"regulation of intrinsic apoptotic signaling pathway","BP"
"10594","GO:0043161",1.40876486987777e-05,0.999991185711631,174,516,"proteasome-mediated ubiquitin-dependent protein catabolic process","BP"
"11556","GO:0045944",1.4214351040667e-05,0.999989488593767,391,1255,"positive regulation of transcription by RNA polymerase II","BP"
"1581","GO:0003712",1.42532556441641e-05,0.999991034748329,181,523,"transcription coregulator activity","MF"
"7320","GO:0030968",1.48063897643822e-05,0.999994395007219,42,92,"endoplasmic reticulum unfolded protein response","BP"
"11510","GO:0045862",1.51701723037148e-05,0.999992370790946,80,209,"positive regulation of proteolysis","BP"
"7871","GO:0032101",1.51742016820473e-05,0.999989004946192,342,1132,"regulation of response to external stimulus","BP"
"18040","GO:0140168",1.53892076448319e-05,0.999990468603584,164,481,"nuclear ribonucleoprotein granule","CC"
"6853","GO:0023052",1.62439697149626e-05,0.99998613861939,1771,6647,"signaling","BP"
"4488","GO:0009968",1.67102318006798e-05,0.999987385870806,438,1428,"negative regulation of signal transduction","BP"
"21964","GO:2001233",1.68776273979305e-05,0.999989994259948,131,385,"regulation of apoptotic signaling pathway","BP"
"3494","GO:0007154",1.68942018237876e-05,0.999985578051161,1778,6671,"cell communication","BP"
"9068","GO:0034620",1.72957361503653e-05,0.99999303475118,46,104,"cellular response to unfolded protein","BP"
"6968","GO:0030183",1.73028325933673e-05,0.999991985420428,61,147,"B cell differentiation","BP"
"869","GO:0002224",1.8167865902246e-05,0.999993289849062,40,85,"toll-like receptor signaling pathway","BP"
"11094","GO:0044754",1.81885368171262e-05,0.999997769347606,14,20,"autolysosome","CC"
"19271","GO:1902107",1.82040578128965e-05,0.999990712690827,76,195,"positive regulation of leukocyte differentiation","BP"
"19923","GO:1903708",1.82040578128965e-05,0.999990712690827,76,195,"positive regulation of hemopoiesis","BP"
"906","GO:0002285",1.88376508044811e-05,0.999990205927338,86,234,"lymphocyte activation involved in immune response","BP"
"10644","GO:0043232",1.9165428703799e-05,0.999983696168842,1582,5774,"intracellular membraneless organelle","CC"
"2714","GO:0005815",1.9521248877665e-05,0.999986036734312,309,957,"microtubule organizing center","CC"
"10640","GO:0043228",1.99468695385473e-05,0.999983026322449,1582,5775,"membraneless organelle","CC"
"11872","GO:0046634",2.01348133357879e-05,0.999991298035667,51,123,"regulation of alpha-beta T cell activation","BP"
"10114","GO:0042127",2.09712700439786e-05,0.999983857833637,486,1658,"regulation of cell population proliferation","BP"
"10101","GO:0042100",2.12913573805453e-05,0.999991810783842,41,93,"B cell proliferation","BP"
"10719","GO:0043367",2.17263611496758e-05,0.999990945236986,48,110,"CD4-positive, alpha-beta T cell differentiation","BP"
"3558","GO:0007254",2.19722513378361e-05,0.999988835197625,75,186,"JNK cascade","BP"
"9083","GO:0034654",2.2097437524665e-05,0.999981371607975,1290,4672,"nucleobase-containing compound biosynthetic process","BP"
"12805","GO:0050790",2.45927085556077e-05,0.999984014598187,185,555,"regulation of catalytic activity","BP"
"378","GO:0001227",2.53439316311259e-05,0.999985687287928,106,287,"DNA-binding transcription repressor activity, RNA polymerase II-specific","MF"
"7617","GO:0031625",2.62633087926372e-05,0.999985045994673,108,299,"ubiquitin protein ligase binding","MF"
"13067","GO:0051239",2.63142279914951e-05,0.999978429329503,851,2995,"regulation of multicellular organismal process","BP"
"11342","GO:0045582",2.63375909603005e-05,0.999988368179456,53,124,"positive regulation of T cell differentiation","BP"
"21640","GO:2000514",2.75542363632799e-05,0.999989714144742,38,85,"regulation of CD4-positive, alpha-beta T cell activation","BP"
"4492","GO:0009987",2.77780009103004e-05,0.999978050464268,4230,16725,"cellular process","BP"
"6855","GO:0023057",2.79923683305532e-05,0.999978441790428,465,1534,"negative regulation of signaling","BP"
"18463","GO:0141187",2.81043371631495e-05,0.99997631733491,1215,4366,"nucleic acid biosynthetic process","BP"
"374","GO:0001217",2.96549766268215e-05,0.999982864563064,109,297,"DNA-binding transcription repressor activity","MF"
"145","GO:0000323",3.11032909247431e-05,0.999978141795,247,786,"lytic vacuole","CC"
"2679","GO:0005764",3.11032909247431e-05,0.999978141795,247,786,"lysosome","CC"
"10951","GO:0044085",3.17064378506272e-05,0.99997365619929,976,3440,"cellular component biogenesis","BP"
"4684","GO:0010648",3.23307160025308e-05,0.999975004274636,464,1534,"negative regulation of cell communication","BP"
"11873","GO:0046635",3.28821432479684e-05,0.99998829918634,35,75,"positive regulation of alpha-beta T cell activation","BP"
"19275","GO:1902115",3.38566386205341e-05,0.999981561845971,92,236,"regulation of organelle assembly","BP"
"5513","GO:0016070",3.45569791624882e-05,0.999970775873129,1240,4462,"RNA metabolic process","BP"
"4592","GO:0010468",3.55550131671462e-05,0.999969750281742,1359,4904,"regulation of gene expression","BP"
"14752","GO:0065003",3.6397969932897e-05,0.999971657641941,484,1650,"protein-containing complex assembly","BP"
"19874","GO:1903573",3.65179286570735e-05,0.999989543224116,26,50,"negative regulation of response to endoplasmic reticulum stress","BP"
"5600","GO:0016241",3.78803641215342e-05,0.999980071445245,77,198,"regulation of macroautophagy","BP"
"6229","GO:0019219",4.35949524116392e-05,0.999963269341135,1112,3942,"regulation of nucleobase-containing compound metabolic process","BP"
"19638","GO:1903050",4.38032839389808e-05,0.999975741984753,89,244,"regulation of proteolysis involved in protein catabolic process","BP"
"16502","GO:0090316",4.41149167354484e-05,0.999982407834967,42,91,"positive regulation of intracellular protein transport","BP"
"5771","GO:0016607",4.42366424339165e-05,0.999971949082378,147,428,"nuclear speck","CC"
"4458","GO:0009889",4.42819692238849e-05,0.999962132695791,1430,5190,"regulation of biosynthetic process","BP"
"19433","GO:1902532",4.52089485238245e-05,0.999967945524625,248,767,"negative regulation of intracellular signal transduction","BP"
"1162","GO:0002695",4.53672619479815e-05,0.999976301372382,75,205,"negative regulation of leukocyte activation","BP"
"13808","GO:0060284",4.73731115654266e-05,0.999965969390351,268,837,"regulation of cell development","BP"
"54","GO:0000122",4.79281765617683e-05,0.999964543453411,316,1011,"negative regulation of transcription by RNA polymerase II","BP"
"4620","GO:0010556",4.82488171031843e-05,0.999958773164449,1385,5011,"regulation of macromolecule biosynthetic process","BP"
"6906","GO:0030099",4.83762801586136e-05,0.999968625833504,156,471,"myeloid cell differentiation","BP"
"6800","GO:0022607",4.97135060179125e-05,0.999958650389763,911,3179,"cellular component assembly","BP"
"8294","GO:0032774",5.06246810274873e-05,0.999957105802893,1183,4260,"RNA biosynthetic process","BP"
"2687","GO:0005773",5.07016807614002e-05,0.999963288083175,272,879,"vacuole","CC"
"15317","GO:0071027",5.55135344910402e-05,0.999987128484174,20,35,"nuclear RNA surveillance","BP"
"13122","GO:0051336",5.63603543844579e-05,0.999970307307103,75,188,"regulation of hydrolase activity","BP"
"7509","GO:0031401",5.7275084451624e-05,0.999964525918789,128,372,"positive regulation of protein modification process","BP"
"594","GO:0001817",5.77868168245993e-05,0.999958777609366,245,803,"regulation of cytokine production","BP"
"10100","GO:0042098",5.78310939709078e-05,0.999968971809021,79,221,"T cell proliferation","BP"
"593","GO:0001816",5.79134155773198e-05,0.999958532163603,247,810,"cytokine production","BP"
"10954","GO:0044089",5.793526409451e-05,0.999961135479251,181,530,"positive regulation of cellular component biogenesis","BP"
"11031","GO:0044389",6.26466588581716e-05,0.99996237199348,112,319,"ubiquitin-like protein ligase binding","MF"
"8414","GO:0032946",6.26723243547394e-05,0.999969468654185,58,153,"positive regulation of mononuclear cell proliferation","BP"
"19640","GO:1903052",6.68372030829405e-05,0.999968191017492,56,138,"positive regulation of proteolysis involved in protein catabolic process","BP"
"8362","GO:0032880",6.77942922815258e-05,0.99995021885087,288,914,"regulation of protein localization","BP"
"14744","GO:0062207",7.15845930802009e-05,0.999961931734085,74,191,"regulation of pattern recognition receptor signaling pathway","BP"
"1236","GO:0002819",7.19057460845879e-05,0.999960586053673,79,223,"regulation of adaptive immune response","BP"
"4665","GO:0010629",7.36300417648792e-05,0.999944144758998,353,1156,"negative regulation of gene expression","BP"
"5288","GO:0015630",7.39719486365423e-05,0.999942096755168,456,1488,"microtubule cytoskeleton","CC"
"14323","GO:0061136",7.51804949557309e-05,0.99995962196365,76,205,"regulation of proteasomal protein catabolic process","BP"
"966","GO:0002369",7.52036037409681e-05,0.999980285731534,21,41,"T cell cytokine production","BP"
"1189","GO:0002724",7.52036037409681e-05,0.999980285731534,21,41,"regulation of T cell cytokine production","BP"
"13077","GO:0051253",7.85085635805838e-05,0.999938558553589,448,1492,"negative regulation of RNA metabolic process","BP"
"913","GO:0002294",7.85921962884591e-05,0.999967998847574,40,91,"CD4-positive, alpha-beta T cell differentiation involved in immune response","BP"
"2704","GO:0005794",7.97572242134415e-05,0.99993679977258,499,1672,"Golgi apparatus","CC"
"8132","GO:0032527",8.28139193174747e-05,0.999975524144459,25,48,"protein exit from endoplasmic reticulum","BP"
"6784","GO:0022402",8.3195842943991e-05,0.999935781764216,398,1308,"cell cycle process","BP"
"18330","GO:0140895",8.49865702359186e-05,0.999968844838557,33,72,"cell surface toll-like receptor signaling pathway","BP"
"17754","GO:0110165",8.56164408208139e-05,0.999942873172472,4585,18415,"cellular anatomical structure","CC"
"7175","GO:0030595",9.22012469342771e-05,0.999948834826153,78,234,"leukocyte chemotaxis","BP"
"2408","GO:0005164",9.25686290712685e-05,0.999979798625095,17,31,"tumor necrosis factor receptor binding","MF"
"10720","GO:0043368",9.3303737077945e-05,0.999971198511944,26,51,"positive T cell selection","BP"
"18092","GO:0140297",9.4526998620052e-05,0.99993663523829,167,495,"DNA-binding transcription factor binding","MF"
"6953","GO:0030162",9.52978589865649e-05,0.999939337437487,130,392,"regulation of proteolysis","BP"
"17494","GO:0101002",9.69719142870454e-05,0.99994880755598,68,186,"ficolin-1-rich granule","CC"
"908","GO:0002287",0.000105485990736439,0.999956227883331,40,92,"alpha-beta T cell activation involved in immune response","BP"
"912","GO:0002293",0.000105485990736439,0.999956227883331,40,92,"alpha-beta T cell differentiation involved in immune response","BP"
"896","GO:0002274",0.00011060129509031,0.999936613878433,86,248,"myeloid leukocyte activation","BP"
"13064","GO:0051234",0.000112494968067532,0.999903418265981,1282,4644,"establishment of localization","BP"
"15131","GO:0070665",0.000114331603064233,0.999941101186344,62,170,"positive regulation of leukocyte proliferation","BP"
"19866","GO:1903557",0.000114640766262889,0.999948803847453,45,111,"positive regulation of tumor necrosis factor superfamily cytokine production","BP"
"18091","GO:0140296",0.000114733108577505,0.999962908659252,27,54,"general transcription initiation factor binding","MF"
"3001","GO:0006352",0.000115078937824503,0.999934941549216,84,231,"DNA-templated transcription initiation","BP"
"10099","GO:0042093",0.000116231682092786,0.999952179570125,39,89,"T-helper cell differentiation","BP"
"1239","GO:0002822",0.00011636430823373,0.999936634035134,74,209,"regulation of adaptive immune response based on somatic recombination of immune receptors built from immunoglobulin superfamily domains","BP"
"12995","GO:0051098",0.000124530982961781,0.999944483477942,45,108,"regulation of binding","BP"
"15315","GO:0071025",0.000125702790789832,0.999966483078065,21,39,"RNA surveillance","BP"
"3013","GO:0006366",0.000127598176294525,0.999893699825716,792,2760,"transcription by RNA polymerase II","BP"
"3316","GO:0006810",0.000128083746811327,0.999890203523378,1215,4390,"transport","BP"
"12297","GO:0048193",0.000130494442637524,0.999919691554022,112,317,"Golgi vesicle transport","BP"
"7486","GO:0031346",0.000131379960462214,0.999916426285744,129,359,"positive regulation of cell projection organization","BP"
"4391","GO:0009615",0.000136458789368654,0.999910670494088,139,431,"response to virus","BP"
"10436","GO:0042802",0.000141645022672909,0.999884095543754,622,2205,"identical protein binding","MF"
"10722","GO:0043370",0.000144100552086848,0.999949159431833,29,63,"regulation of CD4-positive, alpha-beta T cell differentiation","BP"
"8494","GO:0033077",0.00014724163129497,0.999938791276734,39,88,"T cell differentiation in thymus","BP"
"17312","GO:0099022",0.0001529793677361,0.999963929093583,18,32,"vesicle tethering","BP"
"11518","GO:0045892",0.00015656219470808,0.999877243060684,411,1368,"negative regulation of DNA-templated transcription","BP"
"11876","GO:0046638",0.000158348004668187,0.999946881825645,27,56,"positive regulation of alpha-beta T cell differentiation","BP"
"12744","GO:0050671",0.000161847874840982,0.999918570747171,56,151,"positive regulation of lymphocyte proliferation","BP"
"15450","GO:0071347",0.000162814010917988,0.999931341369421,39,91,"cellular response to interleukin-1","BP"
"15370","GO:0071214",0.000164791873231402,0.999895552462705,121,351,"cellular response to abiotic stimulus","BP"
"17547","GO:0104004",0.000164791873231402,0.999895552462705,121,351,"cellular response to environmental stimulus","BP"
"3454","GO:0007049",0.000166998790758235,0.999866349339591,489,1653,"cell cycle","BP"
"5594","GO:0016234",0.000167101563037151,0.999934547532487,35,75,"inclusion body","CC"
"11351","GO:0045595",0.000168066528371163,0.999866026511884,471,1580,"regulation of cell differentiation","BP"
"14260","GO:0061024",0.00017087489370521,0.999873410136543,266,859,"membrane organization","BP"
"1203","GO:0002752",0.000170944800527695,0.999931462334515,35,81,"cell surface pattern recognition receptor signaling pathway","BP"
"3369","GO:0006897",0.000171335985917557,0.999876093166833,229,715,"endocytosis","BP"
"11176","GO:0045061",0.000171364563781837,0.999967577505124,15,24,"thymic T cell selection","BP"
"911","GO:0002292",0.000177529812492994,0.999921864263666,42,100,"T cell differentiation involved in immune response","BP"
"4628","GO:0010564",0.00017941790124746,0.999869631892398,234,736,"regulation of cell cycle process","BP"
"3390","GO:0006935",0.000187944628719857,0.999874735365837,143,466,"chemotaxis","BP"
"11437","GO:0045732",0.000188147735037943,0.9998935071378,79,215,"positive regulation of protein catabolic process","BP"
"19277","GO:1902117",0.000188485970058609,0.999917226647801,43,96,"positive regulation of organelle assembly","BP"
"2353","GO:0005085",0.000190335316140473,0.999888897657292,91,232,"guanyl-nucleotide exchange factor activity","MF"
"1164","GO:0002697",0.000192319914868438,0.99987429514854,131,414,"regulation of immune effector process","BP"
"1092","GO:0002573",0.000196930335211276,0.999884103135271,89,251,"myeloid leukocyte differentiation","BP"
"20023","GO:1903894",0.000198179896122725,0.999974804390281,11,16,"regulation of IRE1-mediated unfolded protein response","BP"
"19485","GO:1902679",0.000200774577532018,0.999841842448852,412,1377,"negative regulation of RNA biosynthetic process","BP"
"15078","GO:0070555",0.000202557418027772,0.99990517047976,47,116,"response to interleukin-1","BP"
"4392","GO:0009617",0.000207065269346683,0.999850301696342,213,749,"response to bacterium","BP"
"21373","GO:2000058",0.000209534653755131,0.999887502373261,66,175,"regulation of ubiquitin-dependent protein catabolic process","BP"
"3722","GO:0008047",0.000209834613752674,0.999849440380678,212,662,"enzyme activator activity","MF"
"16782","GO:0097191",0.00021293795176042,0.999876620269781,83,235,"extrinsic apoptotic signaling pathway","BP"
"14789","GO:0070062",0.000213035256467514,0.999825433657906,588,2123,"extracellular exosome","CC"
"13074","GO:0051250",0.000213390336177296,0.999885684605207,64,178,"negative regulation of lymphocyte activation","BP"
"8286","GO:0032760",0.00021346386105222,0.999903219510261,43,107,"positive regulation of tumor necrosis factor production","BP"
"13760","GO:0060205",0.000215890536097728,0.999865572556021,104,332,"cytoplasmic vesicle lumen","CC"
"19867","GO:1903561",0.000216375113329597,0.999822452199854,596,2153,"extracellular vesicle","CC"
"13068","GO:0051240",0.000223733540100215,0.999820023160125,489,1683,"positive regulation of multicellular organismal process","BP"
"10642","GO:0043230",0.000227209828392213,0.999813440506396,596,2154,"extracellular organelle","CC"
"14758","GO:0065010",0.000227209828392213,0.999813440506396,596,2154,"extracellular membrane-bounded organelle","CC"
"10555","GO:0043085",0.000227234047308362,0.999858100899379,109,314,"positive regulation of catalytic activity","BP"
"17654","GO:0106310",0.00023115084357198,0.999849850519968,131,361,"protein serine kinase activity","MF"
"20583","GO:1905037",0.000233272554841705,0.999878404056838,61,154,"autophagosome organization","BP"
"1191","GO:0002726",0.000234479737916746,0.999946905717376,16,29,"positive regulation of T cell cytokine production","BP"
"10199","GO:0042330",0.000236272901468877,0.999841173492496,143,468,"taxis","BP"
"8328","GO:0032813",0.000236944585304991,0.999924916267863,23,49,"tumor necrosis factor receptor superfamily binding","MF"
"2680","GO:0005765",0.000238269724621034,0.999839027357285,151,458,"lysosomal membrane","CC"
"17208","GO:0098852",0.000238269724621034,0.999839027357285,151,458,"lytic vacuole membrane","CC"
"8361","GO:0032879",0.000245875612620111,0.999798560686295,582,2014,"regulation of localization","BP"
"7796","GO:0031983",0.000247540416952797,0.999844954466976,104,333,"vesicle lumen","CC"
"21375","GO:2000060",0.000254871479465594,0.999883262317816,44,105,"positive regulation of ubiquitin-dependent protein catabolic process","BP"
"13009","GO:0051129",0.000255198696038078,0.999813611506773,230,722,"negative regulation of cellular component organization","BP"
"19179","GO:1901873",0.000256166681787971,0.999849216605141,85,243,"regulation of post-translational protein modification","BP"
"13843","GO:0060326",0.000257687621561258,0.999839811072104,100,322,"cell chemotaxis","BP"
"629","GO:0001865",0.0002618238664346,0.999981172233254,9,11,"NK T cell differentiation","BP"
"4772","GO:0010803",0.00026284486973829,0.999898756933121,31,70,"regulation of tumor necrosis factor-mediated signaling pathway","BP"
"3000","GO:0006351",0.000266987373870136,0.999772150429991,983,3505,"DNA-templated transcription","BP"
"15706","GO:0071753",0.000272219094999151,0.99998200876373,8,10,"IgM immunoglobulin complex","CC"
"18178","GO:0140535",0.000273361712873359,0.999792466159886,291,972,"intracellular protein-containing complex","CC"
"376","GO:0001222",0.000278442757313869,0.999906823114963,26,51,"transcription corepressor binding","MF"
"14743","GO:0062197",0.000278972478440179,0.999823669663965,110,324,"cellular response to chemical stress","BP"
"1238","GO:0002821",0.00029059382882247,0.999854829688425,51,137,"positive regulation of adaptive immune response","BP"
"9155","GO:0034774",0.000293103729427177,0.999816239368303,102,327,"secretory granule lumen","CC"
"4065","GO:0008630",0.000297901510266695,0.999860796552017,44,111,"intrinsic apoptotic signaling pathway in response to DNA damage","BP"
"13076","GO:0051252",0.000299842776850344,0.999743174340885,1023,3646,"regulation of RNA metabolic process","BP"
"3014","GO:0006367",0.000300355212564389,0.999833315402269,69,188,"transcription initiation at RNA polymerase II promoter","BP"
"2580","GO:0005575",0.000303053909483824,0.999792401635524,4595,18478,"cellular_component","CC"
"21930","GO:2001141",0.000303380494363278,0.999741264600803,950,3377,"regulation of RNA biosynthetic process","BP"
"3004","GO:0006355",0.000313200146916944,0.999732850705895,947,3365,"regulation of DNA-templated transcription","BP"
"21642","GO:2000516",0.000326850741910332,0.999894522981379,23,48,"positive regulation of CD4-positive, alpha-beta T cell activation","BP"
"9531","GO:0035770",0.000332158500428358,0.99975611915055,228,727,"ribonucleoprotein granule","CC"
"8066","GO:0032434",0.000336718262806868,0.999829518940737,53,136,"regulation of proteasomal ubiquitin-dependent protein catabolic process","BP"
"3027","GO:0006396",0.000338882189368208,0.999742523610471,281,957,"RNA processing","BP"
"11430","GO:0045723",0.000344703407540845,0.99992994019116,14,24,"positive regulation of fatty acid biosynthetic process","BP"
"7173","GO:0030593",0.000353169888370065,0.999854618337456,32,82,"neutrophil chemotaxis","BP"
"20026","GO:1903897",0.000363236287106308,0.999949920401772,11,16,"regulation of PERK-mediated unfolded protein response","BP"
"10549","GO:0043068",0.00036387118687036,0.999744772394475,170,542,"positive regulation of programmed cell death","BP"
"15620","GO:0071621",0.000366455905239813,0.999826487255285,42,119,"granulocyte chemotaxis","BP"
"10421","GO:0042771",0.000369546158522118,0.999879548275753,23,48,"intrinsic apoptotic signaling pathway in response to DNA damage by p53 class mediator","BP"
"10546","GO:0043065",0.000376381894398573,0.999737193425101,165,525,"positive regulation of apoptotic process","BP"
"12855","GO:0050864",0.000377908696505045,0.999809680604854,51,133,"regulation of B cell activation","BP"
"8841","GO:0034142",0.000378233185853533,0.999855982707461,29,65,"toll-like receptor 4 signaling pathway","BP"
"62","GO:0000139",0.000379440934253863,0.999721922236875,221,699,"Golgi membrane","CC"
"1009","GO:0002440",0.000382089360825351,0.999774777419524,80,233,"production of molecular mediator of immune response","BP"
"10578","GO:0043130",0.000382117264352665,0.999824113965069,42,101,"ubiquitin binding","MF"
"10115","GO:0042129",0.000386431553216712,0.999784745384092,66,189,"regulation of T cell proliferation","BP"
"1022","GO:0002456",0.000392137372241924,0.999800710477155,51,139,"T cell mediated immunity","BP"
"5831","GO:0016740",0.000394295613246516,0.999672011881102,646,2232,"transferase activity","MF"
"3445","GO:0007033",0.00041195439220536,0.999746942184018,94,266,"vacuole organization","BP"
"6798","GO:0022604",0.000418931458295433,0.999746061214938,91,245,"regulation of cell morphogenesis","BP"
"5504","GO:0016050",0.000426747066958746,0.999715110710443,131,397,"vesicle organization","BP"
"10313","GO:0042571",0.000430082888177951,0.999958128508792,9,12,"immunoglobulin complex, circulating","CC"
"7831","GO:0032039",0.000441389804419181,0.999921334532112,13,20,"integrator complex","CC"
"7896","GO:0032182",0.000443301100365178,0.999780367697804,49,121,"ubiquitin-like protein binding","MF"
"9288","GO:0035325",0.000454975110815436,0.999948756094391,9,13,"Toll-like receptor binding","MF"
"11372","GO:0045622",0.00045690695437922,0.999847325532636,23,49,"regulation of T-helper cell differentiation","BP"
"565","GO:0001782",0.000460886505171444,0.99987012812312,19,36,"B cell homeostasis","BP"
"12845","GO:0050854",0.000462743322893742,0.999814094543181,31,71,"regulation of antigen receptor-mediated signaling pathway","BP"
"3412","GO:0006979",0.00047442688432622,0.999681556771589,131,406,"response to oxidative stress","BP"
"10027","GO:0039531",0.000478809972137918,0.999752523180495,54,136,"regulation of cytoplasmic pattern recognition receptor signaling pathway","BP"
"5752","GO:0016567",0.000490773225924566,0.999633690372916,239,765,"protein ubiquitination","BP"
"11959","GO:0046854",0.000504216590549328,0.99981467051791,28,56,"phosphatidylinositol phosphate biosynthetic process","BP"
"18773","GO:1900102",0.000505778988127203,0.999903969628776,13,21,"negative regulation of endoplasmic reticulum unfolded protein response","BP"
"19741","GO:1903320",0.000506075224952662,0.999696586875907,82,238,"regulation of protein modification by small protein conjugation or removal","BP"
"16163","GO:0072698",0.000509418220439294,0.999807928630388,29,59,"protein localization to microtubule cytoskeleton","BP"
"8263","GO:0032727",0.000511212881114295,0.999887301261815,15,25,"positive regulation of interferon-alpha production","BP"
"20463","GO:1904813",0.000518962180495985,0.999742401888688,46,125,"ficolin-1-rich granule lumen","CC"
"2094","GO:0004674",0.000519289245547975,0.999643215777173,151,432,"protein serine/threonine kinase activity","MF"
"555","GO:0001772",0.00052126395884943,0.999825214416288,23,48,"immunological synapse","CC"
"14138","GO:0060760",0.000528727460848917,0.999786453106547,31,70,"positive regulation of response to cytokine stimulus","BP"
"12996","GO:0051099",0.000535323172372098,0.999820102240242,23,48,"positive regulation of binding","BP"
"16132","GO:0072594",0.000536402518455861,0.999628401196693,152,467,"establishment of protein localization to organelle","BP"
"3450","GO:0007041",0.000550599664646326,0.999715835171918,53,132,"lysosomal transport","BP"
"21","GO:0000045",0.000553374533409321,0.999705451937814,57,147,"autophagosome assembly","BP"
"13024","GO:0051147",0.000554281471365131,0.999707155071915,56,143,"regulation of muscle cell differentiation","BP"
"11353","GO:0045597",0.000559733839644902,0.99957377149584,270,871,"positive regulation of cell differentiation","BP"
"7767","GO:0031929",0.000568409217801146,0.999677110907963,69,183,"TOR signaling","BP"
"17099","GO:0098657",0.000582276878358733,0.999551895685695,291,939,"import into cell","BP"
"12594","GO:0048856",0.000592394073295632,0.999477559543128,1648,6050,"anatomical structure development","BP"
"9878","GO:0036499",0.000597785173900187,0.99987058271652,14,24,"PERK-mediated unfolded protein response","BP"
"15236","GO:0070887",0.000605977417322424,0.999493695550761,624,2249,"cellular response to chemical stimulus","BP"
"2358","GO:0005095",0.000615425748743604,0.999936563167949,9,12,"GTPase inhibitor activity","MF"
"2688","GO:0005774",0.00061651955287505,0.999566653953131,160,500,"vacuolar membrane","CC"
"9877","GO:0036498",0.000631291730573931,0.999872070643281,13,22,"IRE1-mediated unfolded protein response","BP"
"1241","GO:0002824",0.000643797734458691,0.99967147260873,48,131,"positive regulation of adaptive immune response based on somatic recombination of immune receptors built from immunoglobulin superfamily domains","BP"
"6797","GO:0022603",0.000664795059059672,0.999493564525239,265,841,"regulation of anatomical structure morphogenesis","BP"
"8104","GO:0032481",0.00066890952556773,0.999698015571011,37,89,"positive regulation of type I interferon production","BP"
"11174","GO:0045059",0.000672631238325741,0.999904894978888,10,15,"positive thymic T cell selection","BP"
"8276","GO:0032743",0.000672843850598246,0.999800891286576,19,37,"positive regulation of interleukin-2 production","BP"
"4674","GO:0010638",0.000678583984018301,0.999519054682319,166,514,"positive regulation of organelle organization","BP"
"86","GO:0000209",0.000712255147733527,0.999542165217122,104,298,"protein polyubiquitination","BP"
"5303","GO:0015671",0.000716091172851694,0.99988827406142,9,17,"oxygen transport","BP"
"18511","GO:0150052",0.000738929146913292,0.999748949491516,23,46,"regulation of postsynapse assembly","BP"
"11719","GO:0046328",0.00073915121401108,0.999600538443361,57,148,"regulation of JNK cascade","BP"
"5941","GO:0016922",0.000751194389615148,0.999600182885402,55,139,"nuclear receptor binding","MF"
"12973","GO:0051052",0.000751669012901346,0.999470005224009,158,493,"regulation of DNA metabolic process","BP"
"6219","GO:0019208",0.000758876077170482,0.999613374517422,48,123,"phosphatase regulator activity","MF"
"10103","GO:0042102",0.000759955500895115,0.999636132136135,40,106,"positive regulation of T cell proliferation","BP"
"4914","GO:0012506",0.00076295145626891,0.999389728523861,382,1285,"vesicle membrane","CC"
"4664","GO:0010628",0.00077449369628351,0.99938445082798,355,1230,"positive regulation of gene expression","BP"
"13856","GO:0060341",0.000789484500023276,0.99943523778696,170,534,"regulation of cellular localization","BP"
"10672","GO:0043273",0.000793156999221258,1,6,6,"CTPase activity","MF"
"14786","GO:0070059",0.000794027499616679,0.999678409245008,29,67,"intrinsic apoptotic signaling pathway in response to endoplasmic reticulum stress","BP"
"9084","GO:0034655",0.000817363788684805,0.999410882355979,176,559,"nucleobase-containing compound catabolic process","BP"
"19155","GO:1901800",0.000823075584739541,0.999588038949744,45,116,"positive regulation of proteasomal protein catabolic process","BP"
"17809","GO:0120103",0.000834997278179735,0.999932974749256,8,10,"centriolar subdistal appendage","CC"
"10550","GO:0043069",0.000859930821979797,0.999336463198904,274,923,"negative regulation of programmed cell death","BP"
"19153","GO:1901798",0.000862119853620792,0.999751403337621,17,35,"positive regulation of signal transduction by p53 class mediator","BP"
"865","GO:0002220",0.000866106498442166,0.999588657989582,39,100,"innate immune response activating cell surface receptor signaling pathway","BP"
"4067","GO:0008637",0.000869195533285478,0.999572112582854,42,112,"apoptotic mitochondrial changes","BP"
"5848","GO:0016772",0.00087932020658842,0.99932153558766,279,887,"transferase activity, transferring phosphorus-containing groups","MF"
"4538","GO:0010212",0.000905710133105695,0.999512588129127,54,143,"response to ionizing radiation","BP"
"1167","GO:0002700",0.000912909196298855,0.999466306397692,68,199,"regulation of production of molecular mediator of immune response","BP"
"16890","GO:0097431",0.000937478986767185,0.999703954876748,20,39,"mitotic spindle pole","CC"
"15680","GO:0071706",0.000963989382473596,0.999450767586392,62,178,"tumor necrosis factor superfamily cytokine production","BP"
"19864","GO:1903555",0.000963989382473596,0.999450767586392,62,178,"regulation of tumor necrosis factor superfamily cytokine production","BP"
"12992","GO:0051094",0.000970449977193218,0.99921729105189,397,1337,"positive regulation of developmental process","BP"
"2690","GO:0005776",0.000972366547617083,0.999501855362304,47,120,"autophagosome","CC"
"2374","GO:0005126",0.000984844502136552,0.99938604041079,81,276,"cytokine receptor binding","MF"
"18774","GO:1900103",0.00101459441032716,0.999870220063159,9,13,"positive regulation of endoplasmic reticulum unfolded protein response","BP"
"11941","GO:0046822",0.00102022492510899,0.999476704410942,47,119,"regulation of nucleocytoplasmic transport","BP"
"15548","GO:0071496",0.00102872995986483,0.999546992631336,33,78,"cellular response to external stimulus","BP"
"16033","GO:0072331",0.0010531438575936,0.999383718591228,67,193,"signal transduction by p53 class mediator","BP"
"7680","GO:0031720",0.00106334786946964,1,3,3,"haptoglobin binding","MF"
"9882","GO:0036503",0.00108387090149978,0.99945374000564,44,113,"ERAD pathway","BP"
"6453","GO:0019902",0.00110388538241544,0.999346091026864,72,192,"phosphatase binding","MF"
"8498","GO:0033081",0.00111647864427538,0.9997108556954,15,28,"regulation of T cell differentiation in thymus","BP"
"3415","GO:0006984",0.00114166750127386,0.999567087420403,25,54,"ER-nucleus signaling pathway","BP"
"13126","GO:0051345",0.00117491683124231,0.999398473380085,46,115,"positive regulation of hydrolase activity","BP"
"3077","GO:0006468",0.00118636855084033,0.999112057680379,212,670,"protein phosphorylation","BP"
"16588","GO:0090559",0.00119006000876372,0.999499640929911,29,69,"regulation of membrane permeability","BP"
"18464","GO:0141188",0.00119192072058309,0.999189026560652,122,371,"nucleic acid catabolic process","BP"
"2683","GO:0005768",0.00119342822952349,0.999053803110536,326,1094,"endosome","CC"
"5601","GO:0016242",0.00119425170407832,0.999609907343171,20,40,"negative regulation of macroautophagy","BP"
"8113","GO:0032490",0.00119933817281417,0.999842350056362,9,13,"detection of molecule of bacterial origin","BP"
"15790","GO:0071916",0.00120007488793806,1,5,5,"dipeptide transmembrane transporter activity","MF"
"7907","GO:0032204",0.00122819004214229,0.999378455365625,44,111,"regulation of telomere maintenance","BP"
"11987","GO:0046902",0.00124568943985798,0.999525904937081,24,55,"regulation of mitochondrial membrane permeability","BP"
"9061","GO:0034599",0.00124799253932941,0.999215151157937,85,253,"cellular response to oxidative stress","BP"
"7484","GO:0031344",0.00126818763445439,0.999049996048861,213,657,"regulation of cell projection organization","BP"
"6455","GO:0019904",0.00126973251946581,0.999052869888615,205,645,"protein domain specific binding","MF"
"10049","GO:0040011",0.00128137446421344,0.998969787578295,363,1250,"locomotion","BP"
"10017","GO:0038202",0.00128383982424316,0.999333882853744,47,118,"TORC1 signaling","BP"
"7321","GO:0030970",0.0012848669886787,0.999661857890433,15,28,"retrograde protein transport, ER to cytosol","BP"
"19837","GO:1903513",0.0012848669886787,0.999661857890433,15,28,"endoplasmic reticulum to cytosol transport","BP"
"10278","GO:0042482",0.00129745958252805,0.999941515680192,6,7,"positive regulation of odontogenesis","BP"
"13252","GO:0051607",0.00130057563389202,0.999136708421314,105,330,"defense response to virus","BP"
"17960","GO:0140030",0.00132891126647062,0.999388913245992,35,83,"modification-dependent protein binding","MF"
"8301","GO:0032785",0.00134386967202662,0.999670872255927,14,25,"negative regulation of DNA-templated transcription, elongation","BP"
"11027","GO:0044380",0.00135067704203583,0.999423764593525,31,67,"protein localization to cytoskeleton","BP"
"3909","GO:0008360",0.00136793552056522,0.999254304921882,53,138,"regulation of cell shape","BP"
"2960","GO:0006259",0.00137606453548649,0.998918588793634,293,991,"DNA metabolic process","BP"
"11277","GO:0045296",0.00139481284010651,0.999062813152862,113,333,"cadherin binding","MF"
"4605","GO:0010508",0.00139782430563783,0.999185221623216,65,175,"positive regulation of autophagy","BP"
"4638","GO:0010586",0.00139795278903572,0.999298581893091,43,104,"miRNA metabolic process","BP"
"15399","GO:0071260",0.00141461486957187,0.999370727970863,32,76,"cellular response to mechanical stimulus","BP"
"19637","GO:1903047",0.0014406474393052,0.998901531440879,232,750,"mitotic cell cycle process","BP"
"3006","GO:0006357",0.00147105130936941,0.998740550256327,744,2630,"regulation of transcription by RNA polymerase II","BP"
"907","GO:0002286",0.00147573104189179,0.999197796170583,50,141,"T cell activation involved in immune response","BP"
"2660","GO:0005730",0.00148610155642339,0.998826253625797,299,1036,"nucleolus","CC"
"4545","GO:0010256",0.0015164859053928,0.998866186726445,200,643,"endomembrane system organization","BP"
"3198","GO:0006622",0.00153422852563255,0.99954879405366,17,32,"protein targeting to lysosome","BP"
"21731","GO:2000646",0.00155885247300125,0.999872382485287,7,9,"positive regulation of receptor catabolic process","BP"
"7607","GO:0031593",0.00156671186417126,0.999371950280052,26,58,"polyubiquitin modification-dependent protein binding","MF"
"21283","GO:1990823",0.00157433699570233,0.999206070876048,42,105,"response to leukemia inhibitory factor","BP"
"11879","GO:0046641",0.00160506557042457,0.999612931794678,13,24,"positive regulation of alpha-beta T cell proliferation","BP"
"8933","GO:0034340",0.00160880295655795,0.999216933812255,37,98,"response to type I interferon","BP"
"7194","GO:0030659",0.00163588852545279,0.998675836030126,373,1264,"cytoplasmic vesicle membrane","CC"
"21360","GO:2000026",0.00165688834862451,0.998643408834201,418,1423,"regulation of multicellular organismal development","BP"
"11943","GO:0046824",0.00168615298466437,0.999296959614869,28,62,"positive regulation of nucleocytoplasmic transport","BP"
"7634","GO:0031647",0.00169666948107553,0.998820995332447,127,395,"regulation of protein stability","BP"
"13157","GO:0051403",0.00170800511820102,0.999349273873259,23,52,"stress-activated MAPK cascade","BP"
"15048","GO:0070498",0.00170857385232503,0.999451795485962,18,37,"interleukin-1-mediated signaling pathway","BP"
"5264","GO:0015453",0.00171196835941776,0.999318714462788,22,67,"oxidoreduction-driven active transmembrane transporter activity","MF"
"1173","GO:0002706",0.00171996384172079,0.998964586825378,67,204,"regulation of lymphocyte mediated immunity","BP"
"10451","GO:0042826",0.00173831727579641,0.999056738138092,50,131,"histone deacetylase binding","MF"
"1170","GO:0002703",0.00173992377722537,0.998888792381576,84,262,"regulation of leukocyte mediated immunity","BP"
"5516","GO:0016073",0.00176819548141359,0.999286892589732,25,59,"snRNA metabolic process","BP"
"8483","GO:0033044",0.00177683531704216,0.998872576654283,84,243,"regulation of chromosome organization","BP"
"613","GO:0001836",0.00178285243726352,0.999287663918179,24,59,"release of cytochrome c from mitochondria","BP"
"21974","GO:2001243",0.00178564500333797,0.999097681766146,40,107,"negative regulation of intrinsic apoptotic signaling pathway","BP"
"21714","GO:2000629",0.00180635636277312,0.999490995301149,16,29,"negative regulation of miRNA metabolic process","BP"
"18045","GO:0140205",0.00181133646832892,1,5,5,"oligopeptide import across plasma membrane","BP"
"18046","GO:0140206",0.00181133646832892,1,5,5,"dipeptide import across plasma membrane","BP"
"11310","GO:0045454",0.00181236688840667,0.999370579143852,19,44,"cell redox homeostasis","BP"
"9035","GO:0034504",0.00181580238962918,0.998761295461231,116,345,"protein localization to nucleus","BP"
"8512","GO:0033119",0.00182253361955012,0.999516529462384,14,27,"negative regulation of RNA splicing","BP"
"18007","GO:0140096",0.00183483402436437,0.998437770282221,657,2296,"catalytic activity, acting on a protein","MF"
"10724","GO:0043372",0.00184463122023634,0.999397336567652,18,38,"positive regulation of CD4-positive, alpha-beta T cell differentiation","BP"
"14873","GO:0070201",0.00187001294232047,0.998632559368803,166,535,"regulation of establishment of protein localization","BP"
"16108","GO:0072562",0.0019045748871963,0.998951966199706,49,143,"blood microparticle","CC"
"9034","GO:0034502",0.00190676886715498,0.998983499772922,47,121,"protein localization to chromosome","BP"
"7122","GO:0030496",0.00193212263978101,0.998809851479276,74,209,"midbody","CC"
"11258","GO:0045236",0.00195110450941065,0.999644035544498,9,17,"CXCR chemokine receptor binding","MF"
"10835","GO:0043547",0.0019962156332113,0.999034630742375,37,88,"positive regulation of GTPase activity","BP"
"10028","GO:0039532",0.00201602841084657,0.999149849837461,27,63,"negative regulation of cytoplasmic pattern recognition receptor signaling pathway","BP"
"5634","GO:0016310",0.00201839560422585,0.998447016072321,234,754,"phosphorylation","BP"
"14292","GO:0061061",0.00202103721082599,0.998459222893664,219,698,"muscle structure development","BP"
"2716","GO:0005819",0.00203235563679725,0.998547470816761,144,448,"spindle","CC"
"13072","GO:0051248",0.00204575467052305,0.998487295957315,175,568,"negative regulation of protein metabolic process","BP"
"21966","GO:2001235",0.00205209437970486,0.998854771227681,51,146,"positive regulation of apoptotic signaling pathway","BP"
"4066","GO:0008631",0.00206999399302612,0.999135837222732,26,62,"intrinsic apoptotic signaling pathway in response to oxidative stress","BP"
"20782","GO:1905508",0.00208587888414261,0.999288148363894,20,39,"protein localization to microtubule organizing center","BP"
"2114","GO:0004707",0.00212555092456438,0.999616803597046,10,16,"MAP kinase activity","MF"
"21967","GO:2001236",0.00213089584201501,0.998765087106448,58,163,"regulation of extrinsic apoptotic signaling pathway","BP"
"8068","GO:0032436",0.00214091627722729,0.99899891057158,33,81,"positive regulation of proteasomal ubiquitin-dependent protein catabolic process","BP"
"6445","GO:0019888",0.00214314922716314,0.998889338531669,42,110,"protein phosphatase regulator activity","MF"
"2710","GO:0005802",0.00218101368866643,0.998572399950917,92,272,"trans-Golgi network","CC"
"15222","GO:0070861",0.00218410711308871,0.999465962519496,13,23,"regulation of protein exit from endoplasmic reticulum","BP"
"11871","GO:0046633",0.00219874001229441,0.999185624205226,21,47,"alpha-beta T cell proliferation","BP"
"12772","GO:0050727",0.00220247889379495,0.99845388744075,125,413,"regulation of inflammatory response","BP"
"12774","GO:0050729",0.00220488131254332,0.998720989531543,56,170,"positive regulation of inflammatory response","BP"
"20874","GO:1905710",0.00225062272214868,0.99918520049102,20,45,"positive regulation of membrane permeability","BP"
"6454","GO:0019903",0.00225312724274728,0.99871435967259,56,148,"protein phosphatase binding","MF"
"3446","GO:0007034",0.00226533157057105,0.998646411857526,65,177,"vacuolar transport","BP"
"21508","GO:2000316",0.0023028559500389,0.999230061613524,18,38,"regulation of T-helper 17 type immune response","BP"
"15489","GO:0071396",0.00231338291380649,0.998251106257316,197,658,"cellular response to lipid","BP"
"8204","GO:0032640",0.00232906145649331,0.998630483258849,59,173,"tumor necrosis factor production","BP"
"8234","GO:0032680",0.00232906145649331,0.998630483258849,59,173,"regulation of tumor necrosis factor production","BP"
"1585","GO:0003723",0.00233134715249024,0.998057977018891,464,1677,"RNA binding","MF"
"6907","GO:0030100",0.00235875410612823,0.998415726728423,101,309,"regulation of endocytosis","BP"
"13848","GO:0060333",0.0023750187456518,0.99931637359576,15,29,"type II interferon-mediated signaling pathway","BP"
"5478","GO:0015988",0.00238599615439612,1,4,4,"energy coupled proton transmembrane transport, against electrochemical gradient","BP"
"5479","GO:0015990",0.00238599615439612,1,4,4,"electron transport coupled proton transport","BP"
"4651","GO:0010608",0.00240220122775017,0.998224326613667,170,546,"post-transcriptional regulation of gene expression","BP"
"1088","GO:0002562",0.00249111114667592,0.998873113052066,30,72,"somatic diversification of immune receptors via germline recombination within a single locus","BP"
"5689","GO:0016444",0.00249111114667592,0.998873113052066,30,72,"somatic cell DNA recombination","BP"
"2652","GO:0005694",0.00251805263880307,0.99786769032309,567,2003,"chromosome","CC"
"16159","GO:0072686",0.00253697706810177,0.998445800702704,69,194,"mitotic spindle","CC"
"2682","GO:0005767",0.00253858230112695,0.9992864370237,14,28,"secondary lysosome","CC"
"21565","GO:2000392",0.00254243661086693,0.999690364488303,8,11,"regulation of lamellipodium morphogenesis","BP"
"21567","GO:2000394",0.00254942316852125,0.999866087742073,6,7,"positive regulation of lamellipodium morphogenesis","BP"
"4182","GO:0009100",0.0025526265876223,0.998230511087216,117,358,"glycoprotein metabolic process","BP"
"7504","GO:0031396",0.00256365100923207,0.998436964014435,66,196,"regulation of protein ubiquitination","BP"
"3712","GO:0008023",0.00256820016933397,0.998996939353168,23,50,"transcription elongation factor complex","CC"
"8181","GO:0032607",0.00263380610641244,0.999198266687474,16,31,"interferon-alpha production","BP"
"8211","GO:0032647",0.00263380610641244,0.999198266687474,16,31,"regulation of interferon-alpha production","BP"
"12998","GO:0051101",0.00264281817237994,0.999003846045933,21,47,"regulation of DNA binding","BP"
"1569","GO:0003682",0.00267446687286177,0.997977593138581,196,620,"chromatin binding","MF"
"699","GO:0001961",0.00272414836358636,0.998818055833989,27,64,"positive regulation of cytokine-mediated signaling pathway","BP"
"18325","GO:0140888",0.00273501628209557,0.998535101372373,43,120,"interferon-mediated signaling pathway","BP"
"17775","GO:0120035",0.00275696075901665,0.99790225219813,205,640,"regulation of plasma membrane bounded cell projection organization","BP"
"13932","GO:0060438",0.00279066345513812,0.999392547692993,11,19,"trachea development","BP"
"21293","GO:1990841",0.00279855130500899,0.998710587075553,31,73,"promoter-specific chromatin binding","MF"
"7196","GO:0030662",0.00282469840709253,0.998251183115485,69,204,"coated vesicle membrane","CC"
"7000","GO:0030225",0.00286623658862093,0.99871972718613,28,69,"macrophage differentiation","BP"
"19997","GO:1903829",0.00287143917667059,0.997924851342046,144,449,"positive regulation of protein localization","BP"
"7281","GO:0030888",0.00288732229258037,0.998727967190738,27,67,"regulation of B cell proliferation","BP"
"5974","GO:0017038",0.0029247851858433,0.999584696999903,8,12,"protein import","BP"
"3044","GO:0006417",0.00293922334596054,0.99792699529326,124,388,"regulation of translation","BP"
"5704","GO:0016480",0.00295332900794005,1,4,4,"negative regulation of transcription by RNA polymerase III","BP"
"5849","GO:0016773",0.00295387788551211,0.997730357183288,218,678,"phosphotransferase activity, alcohol group as acceptor","MF"
"10738","GO:0043388",0.00296932362785416,0.999254703213347,12,23,"positive regulation of DNA binding","BP"
"2985","GO:0006303",0.00296947782948099,0.998581623000081,33,80,"double-strand break repair via nonhomologous end joining","BP"
"8093","GO:0032469",0.00300342256181991,0.999168804506627,14,26,"endoplasmic reticulum calcium ion homeostasis","BP"
"3091","GO:0006487",0.00301638605738651,0.998493505661662,36,92,"protein N-linked glycosylation","BP"
"6970","GO:0030185",0.00302618400585997,0.999887097608091,4,5,"nitric oxide transport","BP"
"8029","GO:0032388",0.00305218177714387,0.998264471400291,52,139,"positive regulation of intracellular transport","BP"
"8907","GO:0034260",0.00306578470410189,0.999414456969379,10,16,"negative regulation of GTPase activity","BP"
"7109","GO:0030427",0.00307220041032664,0.998133837336633,66,176,"site of polarized growth","CC"
"14139","GO:0060761",0.00307611616705483,0.998469873003361,35,92,"negative regulation of response to cytokine stimulus","BP"
"1583","GO:0003714",0.00308203434404038,0.998058566775029,74,211,"transcription corepressor activity","MF"
"556","GO:0001773",0.00309340766534334,0.999041916890704,15,32,"myeloid dendritic cell activation","BP"
"16034","GO:0072332",0.00310468821503953,0.998491011821935,33,86,"intrinsic apoptotic signaling pathway by p53 class mediator","BP"
"12319","GO:0048247",0.00311936947962409,0.998835556043675,19,47,"lymphocyte chemotaxis","BP"
"8183","GO:0032609",0.00312188218309553,0.998321465996438,42,120,"type II interferon production","BP"
"8213","GO:0032649",0.00312188218309553,0.998321465996438,42,120,"regulation of type II interferon production","BP"
"20277","GO:1904407",0.003142924597614,0.998862693200211,19,42,"positive regulation of nitric oxide metabolic process","BP"
"16148","GO:0072673",0.00317118853848088,0.999325233386432,11,18,"lamellipodium morphogenesis","BP"
"21301","GO:1990868",0.00317257882180799,0.998432406279726,33,94,"response to chemokine","BP"
"21302","GO:1990869",0.00317257882180799,0.998432406279726,33,94,"cellular response to chemokine","BP"
"17953","GO:0140014",0.00319871036597679,0.997864973368296,93,280,"mitotic nuclear division","BP"
"12796","GO:0050777",0.00322055457088001,0.997967785162752,72,218,"negative regulation of immune response","BP"
"17236","GO:0098895",0.00323000655051879,0.999693239181653,7,9,"postsynaptic endosome membrane","CC"
"19151","GO:1901796",0.00326737990146278,0.998230436684519,43,120,"regulation of signal transduction by p53 class mediator","BP"
"21965","GO:2001234",0.00332681180550505,0.997869975433333,76,231,"negative regulation of apoptotic signaling pathway","BP"
"2713","GO:0005814",0.00333249584883302,0.998002256890195,61,167,"centriole","CC"
"7108","GO:0030426",0.00335774721286638,0.997966983592822,64,171,"growth cone","CC"
"6659","GO:0021782",0.00336526339156043,0.998107414896282,49,132,"glial cell development","BP"
"16591","GO:0090575",0.00336890093227401,0.997789092676198,85,256,"RNA polymerase II transcription regulator complex","CC"
"8899","GO:0034244",0.00338145874183005,0.999156849299269,12,22,"negative regulation of transcription elongation by RNA polymerase II","BP"
"3311","GO:0006796",0.00338476146544072,0.997135916095331,524,1868,"phosphate-containing compound metabolic process","BP"
"12862","GO:0050871",0.00340031101005968,0.998332805470188,33,87,"positive regulation of B cell activation","BP"
"5889","GO:0016832",0.0034229615468084,0.99970587438972,6,8,"aldehyde-lyase activity","MF"
"3773","GO:0008137",0.0034339004220811,0.998879585908851,14,40,"NADH dehydrogenase (ubiquinone) activity","MF"
"944","GO:0002335",0.00343666309469128,0.998780068932409,18,40,"mature B cell differentiation","BP"
"11304","GO:0045429",0.00343905272447774,0.998789225878845,18,39,"positive regulation of nitric oxide biosynthetic process","BP"
"6092","GO:0018193",0.003484063194,0.997512910112828,128,404,"peptidyl-amino acid modification","BP"
"964","GO:0002367",0.00350789764341039,0.998058830191635,45,128,"cytokine production involved in immune response","BP"
"1185","GO:0002718",0.00350789764341039,0.998058830191635,45,128,"regulation of cytokine production involved in immune response","BP"
"20071","GO:1903969",0.00351346281919872,0.999828276447373,5,6,"regulation of response to macrophage colony-stimulating factor","BP"
"20073","GO:1903972",0.00351346281919872,0.999828276447373,5,6,"regulation of cellular response to macrophage colony-stimulating factor stimulus","BP"
"17159","GO:0098772",0.00351604428934283,0.996983355153697,619,2331,"molecular function regulator activity","MF"
"9031","GO:0034498",0.00352077339692372,0.99948257274168,8,12,"early endosome to Golgi transport","BP"
"16582","GO:0090543",0.00353738006180975,0.998827322336576,17,34,"Flemming body","CC"
"14505","GO:0061629",0.00361140487037394,0.997469286127281,116,354,"RNA polymerase II-specific DNA-binding transcription factor binding","MF"
"7470","GO:0031312",0.00363741336351704,0.998930568266722,14,28,"extrinsic component of organelle membrane","CC"
"2581","GO:0005576",0.00364503190706576,0.996772094041192,1070,4230,"extracellular region","CC"
"17313","GO:0099023",0.00366862978346994,0.998338926592447,28,67,"vesicle tethering complex","CC"
"20025","GO:1903896",0.00366909735489971,0.99967968471186,6,8,"positive regulation of IRE1-mediated unfolded protein response","BP"
"15565","GO:0071539",0.00368588420101583,0.998690977385624,19,38,"protein localization to centrosome","BP"
"7908","GO:0032205",0.00368959226178102,0.998676435770762,19,39,"negative regulation of telomere maintenance","BP"
"21287","GO:1990830",0.00369949000031135,0.998052551589293,40,103,"cellular response to leukemia inhibitory factor","BP"
"8774","GO:0033993",0.00370403745155968,0.997041592732702,275,960,"response to lipid","BP"
"8264","GO:0032728",0.00373918940579521,0.998644442905469,19,40,"positive regulation of interferon-beta production","BP"
"11878","GO:0046640",0.00374608870264249,0.998609534324814,19,43,"regulation of alpha-beta T cell proliferation","BP"
"8352","GO:0032869",0.00376153378864533,0.997601639849474,75,213,"cellular response to insulin stimulus","BP"
"20027","GO:1903898",0.00380164397159781,0.999433209435079,8,12,"negative regulation of PERK-mediated unfolded protein response","BP"
"10547","GO:0043066",0.00381777142568242,0.996971827052397,258,888,"negative regulation of apoptotic process","BP"
"15699","GO:0071745",0.00382631053056769,0.999538314729798,7,10,"IgA immunoglobulin complex","CC"
"7810","GO:0032006",0.00382925702077098,0.997731222848052,57,155,"regulation of TOR signaling","BP"
"3032","GO:0006401",0.00386451853519139,0.99730536400422,111,341,"RNA catabolic process","BP"
"12881","GO:0050900",0.00388298136712455,0.997253025707906,116,390,"leukocyte migration","BP"
"7820","GO:0032021",0.00389121189385275,1,4,4,"NELF complex","CC"
"675","GO:0001934",0.00391336512108094,0.997472362270092,77,230,"positive regulation of protein phosphorylation","BP"
"2685","GO:0005770",0.00391427022935798,0.997299518070741,104,324,"late endosome","CC"
"3310","GO:0006793",0.00392066846143921,0.996673909448476,524,1871,"phosphorus metabolic process","BP"
"21975","GO:2001244",0.00392988053413094,0.998293575656894,24,63,"positive regulation of intrinsic apoptotic signaling pathway","BP"
"15515","GO:0071453",0.00393782886547636,0.997628134723535,59,168,"cellular response to oxygen levels","BP"
"3373","GO:0006903",0.00393815925332252,0.998231510547109,27,65,"vesicle targeting","BP"
"18591","GO:0160075",0.00398638483037861,0.999798586420658,5,6,"non-canonical inflammasome complex assembly","BP"
"9646","GO:0035990",0.00399914204073607,1,4,4,"tendon cell differentiation","BP"
"9647","GO:0035992",0.00399914204073607,1,4,4,"tendon formation","BP"
"12975","GO:0051054",0.00402405398150718,0.997290948004938,92,281,"positive regulation of DNA metabolic process","BP"
"13056","GO:0051223",0.00403086203749493,0.997071650508437,137,441,"regulation of protein transport","BP"
"17059","GO:0098581",0.00404642949498374,0.998853433270988,13,26,"detection of external biotic stimulus","BP"
"3455","GO:0007051",0.00406333797660488,0.997421046366281,72,207,"spindle organization","BP"
"3502","GO:0007162",0.00406738319601991,0.997219186517956,99,304,"negative regulation of cell adhesion","BP"
"19934","GO:1903722",0.00409906719899609,0.999632918692777,6,8,"regulation of centriole elongation","BP"
"4499","GO:0010008",0.00411394463540551,0.996880434299665,181,589,"endosome membrane","CC"
"3362","GO:0006888",0.00413748153275531,0.997615770587168,50,141,"endoplasmic reticulum to Golgi vesicle-mediated transport","BP"
"18946","GO:1901135",0.00414373431100788,0.996675650899847,279,981,"carbohydrate derivative metabolic process","BP"
"17324","GO:0099068",0.00415219468434129,0.997900950833936,36,87,"postsynapse assembly","BP"
"8427","GO:0032968",0.00416310342726149,0.998222848623001,24,57,"positive regulation of transcription elongation by RNA polymerase II","BP"
"1166","GO:0002699",0.00419614609805417,0.997210217582141,84,271,"positive regulation of immune effector process","BP"
"16094","GO:0072538",0.00419644262085677,0.998255979821697,23,53,"T-helper 17 type immune response","BP"
"684","GO:0001944",0.00421727932979973,0.996692021191397,234,765,"vasculature development","BP"
"7475","GO:0031333",0.00424745224712194,0.997531277896675,52,142,"negative regulation of protein-containing complex assembly","BP"
"18948","GO:1901137",0.00431539444730279,0.996735641387747,173,589,"carbohydrate derivative biosynthetic process","BP"
"16835","GO:0097300",0.00436705153292317,0.99820468766075,22,52,"programmed necrotic cell death","BP"
"13791","GO:0060260",0.00437314418847147,0.997934122586966,29,74,"regulation of transcription initiation by RNA polymerase II","BP"
"12320","GO:0048248",0.00438545104941566,0.999817026891827,4,5,"CXCR3 chemokine receptor binding","MF"
"9544","GO:0035794",0.00438595540718707,0.998389454470205,18,41,"positive regulation of mitochondrial membrane permeability","BP"
"4549","GO:0010269",0.0044029827345055,0.999382058047181,7,11,"response to selenium ion","BP"
"12848","GO:0050857",0.00445244921360874,0.998656742017587,14,28,"positive regulation of antigen receptor-mediated signaling pathway","BP"
"21723","GO:2000638",0.00447250221448167,0.999442636746398,7,10,"regulation of SREBP signaling pathway","BP"
"5930","GO:0016896",0.00448440593114379,0.998375079203413,18,39,"RNA exonuclease activity, producing 5'-phosphomonoesters","MF"
"13267","GO:0051640",0.00453447659133729,0.996530651855291,190,613,"organelle localization","BP"
"12397","GO:0048468",0.00455047110452541,0.996018272417369,819,2924,"cell development","BP"
"14437","GO:0061462",0.00456694987888415,0.997866278717477,29,69,"protein localization to lysosome","BP"
"2092","GO:0004672",0.00459164036126186,0.996507654113403,185,569,"protein kinase activity","MF"
"17166","GO:0098792",0.00460294938449765,0.99928847700452,8,12,"xenophagy","BP"
"14448","GO:0061511",0.00460711534430807,0.999422303943007,7,10,"centriole elongation","BP"
"5630","GO:0016301",0.00460720884327439,0.996392296379643,229,727,"kinase activity","MF"
"15697","GO:0071742",0.00461637430779392,0.999757498724572,5,6,"IgE immunoglobulin complex","CC"
"14431","GO:0061448",0.0046250958513,0.996819539425625,100,302,"connective tissue development","BP"
"10197","GO:0042327",0.00465028778807343,0.996917786797187,83,252,"positive regulation of phosphorylation","BP"
"12492","GO:0048660",0.00468611697763435,0.997303606513376,49,135,"regulation of smooth muscle cell proliferation","BP"
"8265","GO:0032729",0.00468623758837043,0.997757125970045,29,77,"positive regulation of type II interferon production","BP"
"15013","GO:0070434",0.00470140268494039,0.999751826631365,5,6,"positive regulation of nucleotide-binding oligomerization domain containing 2 signaling pathway","BP"
"473","GO:0001650",0.00470198220221609,0.997169062699517,57,161,"fibrillar center","CC"
"9636","GO:0035976",0.00470594417590865,0.999751522858036,5,6,"transcription factor AP-1 complex","CC"
"10814","GO:0043523",0.00471001378288649,0.996869783243662,84,254,"regulation of neuron apoptotic process","BP"
"4941","GO:0014037",0.00471294229071445,0.998051721058542,23,50,"Schwann cell differentiation","BP"
"7417","GO:0031146",0.0047173194745958,0.997879969170534,26,63,"SCF-dependent proteasomal ubiquitin-dependent protein catabolic process","BP"
"2359","GO:0005096",0.00474447363304367,0.996769885899188,97,276,"GTPase activator activity","MF"
"295","GO:0000912",0.00476387747190419,0.999508717016076,7,9,"assembly of actomyosin apparatus involved in cytokinesis","BP"
"296","GO:0000915",0.00476387747190419,0.999508717016076,7,9,"actomyosin contractile ring assembly","BP"
"18748","GO:1900045",0.00479519654932812,1,4,4,"negative regulation of protein K63-linked ubiquitination","BP"
"2799","GO:0005968",0.00482554476688863,1,4,4,"Rab-protein geranylgeranyltransferase complex","CC"
"21981","GO:2001251",0.00484510435905146,0.997466567377123,37,96,"negative regulation of chromosome organization","BP"
"12491","GO:0048659",0.00490484180864278,0.997150127419111,50,139,"smooth muscle cell proliferation","BP"
"5225","GO:0015333",0.0049118089415332,1,4,4,"peptide:proton symporter activity","MF"
"3426","GO:0007006",0.00503238127441223,0.997243959665488,40,117,"mitochondrial membrane organization","BP"
"12745","GO:0050672",0.00503412801869666,0.99741512611293,34,93,"negative regulation of lymphocyte proliferation","BP"
"698","GO:0001960",0.00506250537266097,0.997437866307905,33,88,"negative regulation of cytokine-mediated signaling pathway","BP"
"9847","GO:0036454",0.00513338003836219,0.999515602341054,6,8,"growth factor complex","CC"
"21044","GO:1990226",0.00514389382470073,0.998876440888689,10,17,"histone methyltransferase binding","MF"
"4395","GO:0009628",0.00522599234546145,0.995706537549341,338,1168,"response to abiotic stimulus","BP"
"8124","GO:0032502",0.00524307394377936,0.99526071267041,1773,6631,"developmental process","BP"
"18177","GO:0140534",0.0052493013076265,0.997081428095605,42,120,"endoplasmic reticulum protein-containing complex","CC"
"7457","GO:0031272",0.00527539678507387,0.999089009521288,8,13,"regulation of pseudopodium assembly","BP"
"7458","GO:0031274",0.00527539678507387,0.999089009521288,8,13,"positive regulation of pseudopodium assembly","BP"
"8067","GO:0032435",0.00529298237484214,0.997886517701028,20,47,"negative regulation of proteasomal ubiquitin-dependent protein catabolic process","BP"
"7384","GO:0031098",0.00530588579727661,0.997714641163271,23,56,"stress-activated protein kinase signaling cascade","BP"
"8302","GO:0032786",0.00532329167784672,0.997573686807201,26,64,"positive regulation of DNA-templated transcription, elongation","BP"
"21409","GO:2000142",0.00532885336841654,0.997329992820744,32,84,"regulation of DNA-templated transcription initiation","BP"
"13852","GO:0060337",0.0054133513306837,0.997231311726615,33,91,"type I interferon-mediated signaling pathway","BP"
"21713","GO:2000628",0.00542730423664279,0.997220757575836,35,86,"regulation of miRNA metabolic process","BP"
"3571","GO:0007272",0.00548467745819639,0.996679371135447,57,157,"ensheathment of neurons","BP"
"3911","GO:0008366",0.00548467745819639,0.996679371135447,57,157,"axon ensheathment","BP"
"14050","GO:0060612",0.00548494004174703,0.997389931907634,29,70,"adipose tissue development","BP"
"8194","GO:0032623",0.00549476213227018,0.997480231816033,26,65,"interleukin-2 production","BP"
"8224","GO:0032663",0.00549476213227018,0.997480231816033,26,65,"regulation of interleukin-2 production","BP"
"13841","GO:0060324",0.00550567230616791,0.99762127757028,24,54,"face development","BP"
"17575","GO:0106049",0.00550626970091473,0.999041400657689,8,13,"regulation of cellular response to osmotic stress","BP"
"2085","GO:0004661",0.00552346979424244,0.999695539033662,5,6,"protein geranylgeranyltransferase activity","MF"
"7597","GO:0031579",0.00558366045895975,0.998239772254016,14,29,"membrane raft organization","BP"
"5566","GO:0016180",0.0056183652345313,0.998021242476589,16,36,"snRNA processing","BP"
"3860","GO:0008284",0.005628839767279,0.995476379842482,265,928,"positive regulation of cell population proliferation","BP"
"14843","GO:0070164",0.00562960433091427,1,4,4,"negative regulation of adiponectin secretion","BP"
"11096","GO:0044770",0.0056434152083046,0.9957333752915,165,539,"cell cycle phase transition","BP"
"19490","GO:1902686",0.00566096747909383,0.997923061867427,17,39,"mitochondrial outer membrane permeabilization involved in programmed cell death","BP"
"5973","GO:0017025",0.0057713979254174,0.998284312104205,13,26,"TBP-class protein binding","MF"
"2681","GO:0005766",0.00584684973051826,0.996511425263998,51,155,"primary lysosome","CC"
"10322","GO:0042582",0.00584684973051826,0.996511425263998,51,155,"azurophil granule","CC"
"20939","GO:1905898",0.00585324995086046,0.99778155505553,18,41,"positive regulation of response to endoplasmic reticulum stress","BP"
"3186","GO:0006605",0.00585684847946096,0.995941490002575,97,307,"protein targeting","BP"
"2717","GO:0005826",0.00585840296236066,1,4,4,"actomyosin contractile ring","CC"
"8199","GO:0032633",0.00586431142931461,0.997995911517259,15,34,"interleukin-4 production","BP"
"8229","GO:0032673",0.00586431142931461,0.997995911517259,15,34,"regulation of interleukin-4 production","BP"
"9806","GO:0036336",0.00588821075020468,0.998006379127915,15,33,"dendritic cell migration","BP"
"6792","GO:0022411",0.00589202073110825,0.995618403838009,147,470,"cellular component disassembly","BP"
"6789","GO:0022408",0.0059008697244748,0.996212262454542,68,208,"negative regulation of cell-cell adhesion","BP"
"20250","GO:1904357",0.00591061616836034,0.998068600972063,15,30,"negative regulation of telomere maintenance via telomere lengthening","BP"
"14800","GO:0070085",0.00591171903962621,0.996221063766146,68,199,"glycosylation","BP"
"3861","GO:0008285",0.00592434477898149,0.995370967410635,207,702,"negative regulation of cell population proliferation","BP"
"9343","GO:0035442",0.00593137496893433,0.999420912432198,6,8,"dipeptide transmembrane transport","BP"
"10482","GO:0042938",0.00593137496893433,0.999420912432198,6,8,"dipeptide transport","BP"
"6870","GO:0030020",0.00594838219831764,0.99765738635996,21,42,"extracellular matrix structural constituent conferring tensile strength","MF"
"8440","GO:0032984",0.00596103304457022,0.995963475477137,88,262,"protein-containing complex disassembly","BP"
"9779","GO:0036294",0.00596354877462006,0.996408444447618,54,154,"cellular response to decreased oxygen levels","BP"
"19272","GO:1902108",0.00599682560322565,0.997630810151132,19,45,"regulation of mitochondrial membrane permeability involved in apoptotic process","BP"
"11370","GO:0045620",0.00599769342810133,0.997302632685996,24,62,"negative regulation of lymphocyte differentiation","BP"
"16151","GO:0072676",0.00602899609665093,0.996692143073591,39,112,"lymphocyte migration","BP"
"19270","GO:1902106",0.00603740722653123,0.996641425061245,41,116,"negative regulation of leukocyte differentiation","BP"
"12802","GO:0050786",0.00604334575043852,0.999073158725862,6,12,"RAGE receptor binding","MF"
"1063","GO:0002520",0.00604995725830858,0.996096432546824,70,208,"immune system development","BP"
"17090","GO:0098644",0.0060746826326818,0.99810621862666,15,27,"complex of collagen trimers","CC"
"12853","GO:0050862",0.00611334597999007,0.998407874924167,11,21,"positive regulation of T cell receptor signaling pathway","BP"
"20103","GO:1904026",0.00617616667539273,0.999391197001679,6,8,"regulation of collagen fibril organization","BP"
"7465","GO:0031294",0.00627712904709503,0.997366651785665,21,51,"lymphocyte costimulation","BP"
"7319","GO:0030964",0.00629696125321005,0.997656832511287,15,47,"NADH dehydrogenase complex","CC"
"11269","GO:0045271",0.00629696125321005,0.997656832511287,15,47,"respiratory chain complex I","CC"
"294","GO:0000910",0.00630761637096505,0.995962807753631,68,195,"cytokinesis","BP"
"1052","GO:0002504",0.00633046348139101,0.997761642561312,15,37,"antigen processing and presentation of peptide or polysaccharide antigen via MHC class II","BP"
"19559","GO:1902894",0.00633845421818555,0.998030105100514,14,27,"negative regulation of miRNA transcription","BP"
"19804","GO:1903432",0.00636713908721563,0.99651587996453,40,104,"regulation of TORC1 signaling","BP"
"375","GO:0001221",0.00638157082680689,0.996300093032932,48,127,"transcription coregulator binding","MF"
"20422","GO:1904724",0.00638222270571764,0.997317776317259,20,54,"tertiary granule lumen","CC"
"559","GO:0001776",0.00638825823536344,0.996413669458544,42,117,"leukocyte homeostasis","BP"
"10286","GO:0042494",0.00644468274928125,1,4,4,"detection of bacterial lipoprotein","BP"
"13027","GO:0051150",0.00644829323946734,0.997659251134804,17,36,"regulation of smooth muscle cell differentiation","BP"
"4787","GO:0010821",0.006461453865622,0.996357510369682,42,120,"regulation of mitochondrion organization","BP"
"21809","GO:2000785",0.00647187696683703,0.997263116726269,22,50,"regulation of autophagosome assembly","BP"
"15460","GO:0071357",0.00648222251135176,0.99663301147436,33,92,"cellular response to type I interferon","BP"
"2556","GO:0005518",0.00649784371579612,0.996826092143277,30,72,"collagen binding","MF"
"16145","GO:0072666",0.00657324777503301,0.996873343908577,28,67,"establishment of protein localization to vacuole","BP"
"10087","GO:0042058",0.00657822455739374,0.996882755662413,27,68,"regulation of epidermal growth factor receptor signaling pathway","BP"
"10302","GO:0042552",0.00661878866410793,0.995965636655618,56,155,"myelination","BP"
"14745","GO:0062208",0.00662376788676207,0.996559147965755,34,88,"positive regulation of pattern recognition receptor signaling pathway","BP"
"19322","GO:1902235",0.00666218228277963,0.997605386478457,16,36,"regulation of endoplasmic reticulum stress-induced intrinsic apoptotic signaling pathway","BP"
"4075","GO:0008654",0.00667680422951452,0.99549484741836,84,252,"phospholipid biosynthetic process","BP"
"13156","GO:0051402",0.00669527015324348,0.995322585559426,99,308,"neuron apoptotic process","BP"
"1021","GO:0002455",0.00671233052285935,0.997151960984695,21,52,"humoral immune response mediated by circulating immunoglobulin","BP"
"3405","GO:0006958",0.00674748196325716,0.997473938081406,17,39,"complement activation, classical pathway","BP"
"19154","GO:1901799",0.00678078638652191,0.996867645275585,25,64,"negative regulation of proteasomal protein catabolic process","BP"
"4675","GO:0010639",0.00678871930982224,0.99512168279159,116,360,"negative regulation of organelle organization","BP"
"1169","GO:0002702",0.00678873973545375,0.995985660725913,48,144,"positive regulation of production of molecular mediator of immune response","BP"
"673","GO:0001932",0.00680655985555664,0.995070518792712,120,384,"regulation of protein phosphorylation","BP"
"21411","GO:2000144",0.00681026685124349,0.996694462376993,28,73,"positive regulation of DNA-templated transcription initiation","BP"
"10182","GO:0042304",0.0069315029134373,0.997123677804146,20,49,"regulation of fatty acid biosynthetic process","BP"
"13069","GO:0051241",0.00695895184371183,0.994262065468686,325,1152,"negative regulation of multicellular organismal process","BP"
"7058","GO:0030316",0.00696560355778369,0.996071227547536,42,116,"osteoclast differentiation","BP"
"18425","GO:0141084",0.00701083955242417,0.996606427527436,28,71,"inflammasome-mediated signaling pathway","BP"
"16806","GO:0097237",0.00701212033019259,0.995955730866212,43,134,"cellular response to toxic substance","BP"
"7811","GO:0032007",0.00703774860900103,0.996294381207367,35,90,"negative regulation of TOR signaling","BP"
"14756","GO:0065008",0.00703905834945305,0.993792571643783,837,3032,"regulation of biological quality","BP"
"859","GO:0002200",0.00707902314004344,0.996433024704822,31,79,"somatic diversification of immune receptors","BP"
"6920","GO:0030120",0.00712737491723162,0.996665616295368,26,64,"vesicle coat","CC"
"21063","GO:1990266",0.00712769693272388,0.996156533657561,35,105,"neutrophil migration","BP"
"20539","GO:1904951",0.00713992912434528,0.994950134357074,104,327,"positive regulation of establishment of protein localization","BP"
"972","GO:0002377",0.00717110586609717,0.996027148135243,39,110,"immunoglobulin production","BP"
"3650","GO:0007519",0.00719377755930315,0.995459822105628,62,179,"skeletal muscle tissue development","BP"
"9268","GO:0035269",0.00728867679395105,0.99824606111152,10,18,"protein O-linked glycosylation via mannose","BP"
"4947","GO:0014044",0.00733622482030648,0.997044706034919,20,43,"Schwann cell development","BP"
"8693","GO:0033625",0.00734373225392554,0.99885387871237,7,11,"positive regulation of integrin activation","BP"
"17373","GO:0099175",0.00742151477565611,0.995520939954703,53,144,"regulation of postsynapse organization","BP"
"8413","GO:0032945",0.00743574315753809,0.996055229669194,34,95,"negative regulation of mononuclear cell proliferation","BP"
"923","GO:0002312",0.00748766224635624,0.995893809652146,37,107,"B cell activation involved in immune response","BP"
"14057","GO:0060627",0.00749289495190923,0.994272221109496,167,549,"regulation of vesicle-mediated transport","BP"
"6366","GO:0019725",0.00749293982390649,0.993996303296123,242,835,"cellular homeostasis","BP"
"17292","GO:0098978",0.0075394320296892,0.994168084289823,186,584,"glutamatergic synapse","CC"
"15255","GO:0070925",0.00757280152346921,0.993769772929921,316,1071,"organelle assembly","BP"
"7757","GO:0031902",0.00758203316488517,0.995216971001521,60,181,"late endosome membrane","CC"
"119","GO:0000278",0.00759352891489982,0.993862447294718,264,892,"mitotic cell cycle","BP"
"14440","GO:0061470",0.00768767547665615,0.998788501981929,7,11,"T follicular helper cell differentiation","BP"
"16853","GO:0097352",0.00771251604782762,0.996394824497753,25,64,"autophagosome maturation","BP"
"11721","GO:0046330",0.00771522967225421,0.99577480709748,38,101,"positive regulation of JNK cascade","BP"
"15206","GO:0070841",0.0077198353557216,0.997324403077309,15,32,"inclusion body assembly","BP"
"6929","GO:0030130",0.00775287710797534,0.998115061391684,10,18,"clathrin coat of trans-Golgi network vesicle","CC"
"19274","GO:1902110",0.00775823510423647,0.997136077516705,16,37,"positive regulation of mitochondrial membrane permeability involved in apoptotic process","BP"
"13719","GO:0060142",0.00777012286407239,0.997489102284743,13,29,"regulation of syncytium formation by plasma membrane fusion","BP"
"21303","GO:1990874",0.00780290669960375,0.996331761341998,26,63,"vascular associated smooth muscle cell proliferation","BP"
"10953","GO:0044088",0.00783322919122216,0.99631619957654,26,63,"regulation of vacuole organization","BP"
"14002","GO:0060538",0.00785054034988527,0.994941845664797,66,193,"skeletal muscle organ development","BP"
"1048","GO:0002495",0.0078540759406248,0.997248845046123,14,35,"antigen processing and presentation of peptide antigen via MHC class II","BP"
"1172","GO:0002705",0.00785657376561503,0.995218901900854,51,158,"positive regulation of leukocyte mediated immunity","BP"
"10735","GO:0043383",0.00789267114019007,0.998527455290654,8,13,"negative T cell selection","BP"
"2694","GO:0005783",0.0079541775629744,0.993124107175167,570,2088,"endoplasmic reticulum","CC"
"8102","GO:0032479",0.00799114861782905,0.995290366392169,47,132,"regulation of type I interferon production","BP"
"8180","GO:0032606",0.00799114861782905,0.995290366392169,47,132,"type I interferon production","BP"
"1995","GO:0004532",0.00799404365435392,0.996862123164315,18,41,"RNA exonuclease activity","MF"
"3914","GO:0008375",0.0080100337248587,0.996753939205903,19,44,"acetylglucosaminyltransferase activity","MF"
"3199","GO:0006623",0.00801218109212957,0.996394993827555,24,55,"protein targeting to vacuole","BP"
"3565","GO:0007266",0.00802805070802423,0.995127488641658,53,145,"Rho protein signal transduction","BP"
"3863","GO:0008287",0.0080474659690587,0.996346228234001,24,57,"protein serine/threonine phosphatase complex","CC"
"19723","GO:1903293",0.0080474659690587,0.996346228234001,24,57,"phosphatase complex","CC"
"4773","GO:0010804",0.00808443022740015,0.997229910708457,14,32,"negative regulation of tumor necrosis factor-mediated signaling pathway","BP"
"5301","GO:0015669",0.00809966072285554,0.997740463407373,10,24,"gas transport","BP"
"14109","GO:0060716",0.00814623237496637,0.99778195428546,11,21,"labyrinthine layer blood vessel development","BP"
"11944","GO:0046825",0.0082024402731398,0.996976429910124,16,36,"regulation of protein export from nucleus","BP"
"16144","GO:0072665",0.00822899522394788,0.995407767549905,40,105,"protein localization to vacuole","BP"
"3599","GO:0007346",0.00832057950881014,0.993707248510294,151,493,"regulation of mitotic cell cycle","BP"
"3090","GO:0006486",0.00832086576919665,0.994676967434459,63,185,"protein glycosylation","BP"
"10757","GO:0043413",0.00832086576919665,0.994676967434459,63,185,"macromolecule glycosylation","BP"
"3953","GO:0008430",0.00836693239696093,0.998923350405111,6,9,"selenium binding","MF"
"16947","GO:0097530",0.00839255178010987,0.995017839115556,45,146,"granulocyte migration","BP"
"15259","GO:0070936",0.00840649744016922,0.995244598135117,41,111,"protein K48-linked ubiquitination","BP"
"5855","GO:0016780",0.00850631423320543,0.99766812169445,11,21,"phosphotransferase activity, for other substituted phosphate groups","MF"
"1996","GO:0004534",0.00855628395952003,1,4,4,"5'-3' RNA exonuclease activity","MF"
"10792","GO:0043495",0.00859461355135448,0.996388667351486,20,47,"protein-membrane adaptor activity","MF"
"10018","GO:0038203",0.00859884386525116,0.997544323705704,12,22,"TORC2 signaling","BP"
"9461","GO:0035666",0.00861419283281854,0.998609130837617,7,11,"TRIF-dependent toll-like receptor signaling pathway","BP"
"1606","GO:0003824",0.00866456810620019,0.992158566067099,1475,5537,"catalytic activity","MF"
"6222","GO:0019211",0.00870694983683806,0.997088862179135,14,29,"phosphatase activator activity","MF"
"985","GO:0002407",0.00871510062545911,0.997308934404342,12,26,"dendritic cell chemotaxis","BP"
"10566","GO:0043112",0.00875980921066649,0.995518433942488,31,78,"receptor metabolic process","BP"
"11477","GO:0045807",0.00876280033484987,0.99457465807005,54,161,"positive regulation of endocytosis","BP"
"16461","GO:0090261",0.00877287047045381,0.999545860242988,4,5,"positive regulation of inclusion body assembly","BP"
"2360","GO:0005102",0.00880220581284863,0.992556043652215,403,1526,"signaling receptor binding","MF"
"18526","GO:0150077",0.00880296182668413,0.996575971264596,17,40,"regulation of neuroinflammatory response","BP"
"12846","GO:0050855",0.00880654767040077,0.997516725290768,11,22,"regulation of B cell receptor signaling pathway","BP"
"6451","GO:0019900",0.00881696889633464,0.99294612863956,233,770,"kinase binding","MF"
"10195","GO:0042325",0.00882558867266966,0.993449471596864,131,426,"regulation of phosphorylation","BP"
"6917","GO:0030117",0.00897240986395315,0.995113706171183,36,96,"membrane coat","CC"
"12400","GO:0048475",0.00897240986395315,0.995113706171183,36,96,"coated membrane","CC"
"2722","GO:0005833",0.00900262999135667,0.998650260213752,5,12,"hemoglobin complex","CC"
"13792","GO:0060261",0.00905774451966862,0.995689305371898,25,65,"positive regulation of transcription initiation by RNA polymerase II","BP"
"9402","GO:0035578",0.0090655294670175,0.995232983953846,31,91,"azurophil granule lumen","CC"
"7073","GO:0030335",0.00911360406075678,0.99298430156023,167,556,"positive regulation of cell migration","BP"
"216","GO:0000502",0.00911410770023003,0.995730963754335,23,66,"proteasome complex","CC"
"10109","GO:0042116",0.00912522358638871,0.994850551121453,39,111,"macrophage activation","BP"
"12859","GO:0050868",0.00920746705629861,0.994476702441896,47,142,"negative regulation of T cell activation","BP"
"10468","GO:0042887",0.00922026242351791,0.9964464989583,17,38,"amide transmembrane transporter activity","MF"
"15456","GO:0071353",0.00923001432893896,0.9965478702991,16,36,"cellular response to interleukin-4","BP"
"3730","GO:0008063",0.00924517432266333,0.998220699376512,8,13,"Toll signaling pathway","BP"
"11792","GO:0046488",0.00933045046090903,0.994256026009354,54,148,"phosphatidylinositol metabolic process","BP"
"3334","GO:0006839",0.00933963506020344,0.994957023437297,34,95,"mitochondrial transport","BP"
"3380","GO:0006913",0.00934010431405462,0.993251230471036,111,345,"nucleocytoplasmic transport","BP"
"13038","GO:0051169",0.00934010431405462,0.993251230471036,111,345,"nuclear transport","BP"
"2894","GO:0006120",0.00941147095560354,0.996200518157677,16,50,"mitochondrial electron transport, NADH to ubiquinone","BP"
"6998","GO:0030223",0.00945244855343115,0.998442979087516,7,11,"neutrophil differentiation","BP"
"5692","GO:0016447",0.00946605212357257,0.995503742524231,25,63,"somatic recombination of immunoglobulin gene segments","BP"
"19228","GO:1902017",0.0094910416634494,0.995174344157585,30,75,"regulation of cilium assembly","BP"
"14618","GO:0061851",0.00953934108679808,1,3,3,"leading edge of lamellipodium","CC"
"12280","GO:0048147",0.00954238614755224,0.996532793012387,15,34,"negative regulation of fibroblast proliferation","BP"
"4604","GO:0010507",0.00957796036637409,0.994581116541452,40,107,"negative regulation of autophagy","BP"
"3862","GO:0008286",0.00966050548645108,0.99422361666956,48,131,"insulin receptor signaling pathway","BP"
"5452","GO:0015923",0.00970985414516097,0.997864333413952,9,15,"mannosidase activity","MF"
"5712","GO:0016493",0.00971754143822014,0.997162612545915,11,23,"C-C chemokine receptor activity","MF"
"15038","GO:0070482",0.00978791978926959,0.992946386006318,107,340,"response to oxygen levels","BP"
"21414","GO:2000147",0.0098375657350188,0.992369512287851,173,582,"positive regulation of cell motility","BP"
"1037","GO:0002478",0.00988102274933971,0.996141441018283,16,41,"antigen processing and presentation of exogenous peptide antigen","BP"
"15130","GO:0070664",0.00993157234521799,0.994494017211375,36,103,"negative regulation of leukocyte proliferation","BP"
"7195","GO:0030660",0.00995597152484793,0.995423502209914,23,57,"Golgi-associated vesicle membrane","CC"
"1984","GO:0004520",0.00997030669789921,0.995476498694393,22,56,"DNA endonuclease activity","MF"
"3456","GO:0007052",0.0101305937648784,0.993900859803567,48,135,"mitotic spindle organization","BP"
"7452","GO:0031264",0.0101788844952152,0.998627358034637,6,9,"death-inducing signaling complex","CC"
"18103","GO:0140319",0.0102035787764457,1,3,3,"receptor decoy activity","MF"
"11139","GO:0044877",0.0102168516226611,0.991413497751964,369,1284,"protein-containing complex binding","MF"
"12753","GO:0050681",0.0102239342067188,0.996706767192056,13,26,"nuclear androgen receptor binding","MF"
"3028","GO:0006397",0.0102571631893987,0.992208345379956,146,493,"mRNA processing","BP"
"2498","GO:0005344",0.0102588161364076,0.998088518238424,6,14,"oxygen carrier activity","MF"
"2994","GO:0006325",0.0102804981701297,0.99165239469261,257,856,"chromatin organization","BP"
"9445","GO:0035641",0.0103290929725426,0.997591412547604,9,16,"locomotory exploration behavior","BP"
"11121","GO:0044837",0.0103336320445257,0.998458052162239,7,10,"actomyosin contractile ring organization","BP"
"11469","GO:0045787",0.0104706047651684,0.99245223506945,106,332,"positive regulation of cell cycle","BP"
"7574","GO:0031519",0.0104856749786083,0.995405753102059,21,49,"PcG protein complex","CC"
"1835","GO:0004307",0.0105401783250399,1,3,3,"ethanolaminephosphotransferase activity","MF"
"1165","GO:0002698",0.010609469451732,0.993613215897724,46,139,"negative regulation of immune effector process","BP"
"8423","GO:0032964",0.0106300422448031,0.995383113730528,20,49,"collagen biosynthetic process","BP"
"6452","GO:0019901",0.0106572892531711,0.991527399733702,210,691,"protein kinase binding","MF"
"10810","GO:0043517",0.0106746494254339,0.997401003546722,9,17,"positive regulation of DNA damage response, signal transduction by p53 class mediator","BP"
"5705","GO:0016482",0.0106979540843361,0.993446897709721,51,141,"cytosolic transport","BP"
"9938","GO:0038093",0.0107741233130352,0.994911000042241,24,60,"Fc receptor signaling pathway","BP"
"18131","GO:0140374",0.0108907736275292,0.994404626685152,29,77,"antiviral innate immune response","BP"
"13082","GO:0051258",0.0109473136718428,0.992284828110213,92,288,"protein polymerization","BP"
"931","GO:0002320",0.0109613172610739,0.996609538612271,12,24,"lymphoid progenitor cell differentiation","BP"
"20410","GO:1904705",0.0109904502892222,0.99473974661633,25,61,"regulation of vascular associated smooth muscle cell proliferation","BP"
"7310","GO:0030948",0.0110037837879181,0.998126543872085,7,11,"negative regulation of vascular endothelial growth factor receptor signaling pathway","BP"
"13029","GO:0051152",0.0110157793903918,0.997400814367165,9,16,"positive regulation of smooth muscle cell differentiation","BP"
"11853","GO:0046605",0.0110212938808614,0.994819921704292,24,58,"regulation of centrosome cycle","BP"
"18427","GO:0141086",0.0110903615690942,0.996967176383685,10,20,"negative regulation of inflammasome-mediated signaling pathway","BP"
"6078","GO:0018107",0.0111159761122793,0.995781938405409,16,35,"peptidyl-threonine phosphorylation","BP"
"6104","GO:0018210",0.0111159761122793,0.995781938405409,16,35,"peptidyl-threonine modification","BP"
"1206","GO:0002756",0.0111264895582157,0.997369861245401,9,16,"MyD88-independent toll-like receptor signaling pathway","BP"
"11423","GO:0045687",0.0111294154888937,0.995431078878584,18,42,"positive regulation of glial cell differentiation","BP"
"16350","GO:0090083",0.0111296249821145,0.996743348534623,11,22,"regulation of inclusion body assembly","BP"
"635","GO:0001875",0.011143782021012,0.998884426317238,5,7,"lipopolysaccharide immune receptor activity","MF"
"15196","GO:0070820",0.0111614037670304,0.992997762605304,53,163,"tertiary granule","CC"
"18814","GO:1900182",0.0111724135593782,0.993746787818947,37,100,"positive regulation of protein localization to nucleus","BP"
"3030","GO:0006399",0.0111785172539732,0.992675235538441,63,201,"tRNA metabolic process","BP"
"1240","GO:0002823",0.0112102239854785,0.994439307699031,26,70,"negative regulation of adaptive immune response based on somatic recombination of immune receptors built from immunoglobulin superfamily domains","BP"
"11358","GO:0045602",0.0112702387762023,0.998713650324604,6,8,"negative regulation of endothelial cell differentiation","BP"
"523","GO:0001727",0.011333051066737,0.995320058364702,19,41,"lipid kinase activity","MF"
"11541","GO:0045925",0.0113651118944092,1,3,3,"positive regulation of female receptivity","BP"
"19337","GO:1902262",0.0114282957768934,0.999355909718676,4,5,"apoptotic process involved in blood vessel morphogenesis","BP"
"14810","GO:0070098",0.0114603908563368,0.994040332281271,28,85,"chemokine-mediated signaling pathway","BP"
"18924","GO:1901030",0.0114960832449492,0.998403357856457,6,9,"positive regulation of mitochondrial outer membrane permeabilization involved in apoptotic signaling pathway","BP"
"20324","GO:1904515",0.0115290074222121,0.998676611600955,6,8,"positive regulation of TORC2 signaling","BP"
"3228","GO:0006661",0.0115449644979874,0.993185669993896,44,119,"phosphatidylinositol biosynthetic process","BP"
"387","GO:0001503",0.0115809134644275,0.991319702202819,131,423,"ossification","BP"
"7466","GO:0031295",0.0115993730414899,0.994890725447091,20,50,"T cell costimulation","BP"
"17064","GO:0098591",0.0116047247655007,0.999213525412413,5,6,"external side of apical plasma membrane","CC"
"10055","GO:0040017",0.011614011902533,0.990915348728321,177,598,"positive regulation of locomotion","BP"
"238","GO:0000723",0.0116572194308089,0.992601185966234,56,165,"telomere maintenance","BP"
"10721","GO:0043369",0.0117271075941586,0.995480575643419,16,36,"CD4-positive or CD8-positive, alpha-beta T cell lineage commitment","BP"
"19142","GO:1901739",0.0118078410768372,0.996664863829159,10,21,"regulation of myoblast fusion","BP"
"1175","GO:0002708",0.0118194867367265,0.992895274986145,44,137,"positive regulation of lymphocyte mediated immunity","BP"
"7641","GO:0031664",0.0118408424221927,0.995856004331942,13,31,"regulation of lipopolysaccharide-mediated signaling pathway","BP"
"4929","GO:0014015",0.0118714623902624,0.994142208024975,26,66,"positive regulation of gliogenesis","BP"
"14522","GO:0061659",0.0118785340401344,0.991169721206623,124,393,"ubiquitin-like protein ligase activity","MF"
"9376","GO:0035519",0.0118820832269334,0.997773045249132,7,12,"protein K29-linked ubiquitination","BP"
"12788","GO:0050769",0.0118889117092737,0.991872574248915,79,230,"positive regulation of neurogenesis","BP"
"2023","GO:0004576",0.0119148358217977,0.999319319864992,4,5,"oligosaccharyl transferase activity","MF"
"2026","GO:0004579",0.0119148358217977,0.999319319864992,4,5,"dolichyl-diphosphooligosaccharide-protein glycotransferase activity","MF"
"5595","GO:0016235",0.0119221329962858,0.995435640756455,16,35,"aggresome","CC"
"1187","GO:0002720",0.0119748688537043,0.993597384825757,31,87,"positive regulation of cytokine production involved in immune response","BP"
"3430","GO:0007010",0.011975868862791,0.989755408243233,446,1537,"cytoskeleton organization","BP"
"13720","GO:0060143",0.012124022850356,0.99627259222109,11,24,"positive regulation of syncytium formation by plasma membrane fusion","BP"
"10123","GO:0042147",0.0121768008866216,0.993081170111035,38,103,"retrograde transport, endosome to Golgi","BP"
"4407","GO:0009650",0.01219963694781,0.99770041856028,7,12,"UV protection","BP"
"21476","GO:2000269",0.0122298817008049,0.996685659134265,10,19,"regulation of fibroblast apoptotic process","BP"
"19213","GO:1901987",0.0122387407944482,0.99078875435554,132,433,"regulation of cell cycle phase transition","BP"
"2632","GO:0005667",0.0122710939176031,0.990528512686286,158,524,"transcription regulator complex","CC"
"11339","GO:0045579",0.0122886171720456,0.996836965690966,9,18,"positive regulation of B cell differentiation","BP"
"3425","GO:0007005",0.0123976771019186,0.990799218396841,117,407,"mitochondrion organization","BP"
"12233","GO:0048008",0.0124474269446636,0.994013189942247,25,59,"platelet-derived growth factor receptor signaling pathway","BP"
"4755","GO:0010761",0.012447576099558,0.994217487561736,23,54,"fibroblast migration","BP"
"5702","GO:0016477",0.0124950117994871,0.989308601756815,438,1547,"cell migration","BP"
"10184","GO:0042307",0.012534959780974,0.994851542700673,18,40,"positive regulation of protein import into nucleus","BP"
"899","GO:0002277",0.0125482445504973,1,3,3,"myeloid dendritic cell activation involved in immune response","BP"
"1564","GO:0003676",0.0125638269505695,0.988702598743281,1060,3953,"nucleic acid binding","MF"
"10957","GO:0044092",0.0126492472418924,0.990914614092295,97,318,"negative regulation of molecular function","BP"
"10425","GO:0042776",0.0127502763718185,0.99394250068102,21,68,"proton motive force-driven mitochondrial ATP synthesis","BP"
"2689","GO:0005775",0.0127602122906335,0.991777197564039,57,178,"vacuolar lumen","CC"
"6908","GO:0030101",0.012765347382612,0.992834767782806,34,106,"natural killer cell activation","BP"
"21510","GO:2000318",0.0127755396777778,0.996511627174855,10,19,"positive regulation of T-helper 17 type immune response","BP"
"10694","GO:0043309",0.0127766240358134,1,3,3,"regulation of eosinophil degranulation","BP"
"15659","GO:0071674",0.0127899406617145,0.99136281806021,69,230,"mononuclear cell migration","BP"
"11341","GO:0045581",0.0128175564970425,0.994244593990441,20,52,"negative regulation of T cell differentiation","BP"
"958","GO:0002360",0.0128202176143186,0.994648579091956,18,42,"T cell lineage commitment","BP"
"2801","GO:0005975",0.012852864792396,0.989971240679644,169,569,"carbohydrate metabolic process","BP"
"11396","GO:0045651",0.0129326483529552,0.997045508098669,8,15,"positive regulation of macrophage differentiation","BP"
"15005","GO:0070426",0.0129616446162897,0.998646937686172,5,7,"positive regulation of nucleotide-binding domain, leucine rich repeat containing receptor signaling pathway","BP"
"10520","GO:0043021",0.0130765488369024,0.991574147974783,57,175,"ribonucleoprotein complex binding","MF"
"12988","GO:0051090",0.0130825181324317,0.991415152680847,62,189,"regulation of DNA-binding transcription factor activity","BP"
"11057","GO:0044565",0.0131331360746634,1,3,3,"dendritic cell proliferation","BP"
"7797","GO:0031984",0.0131440075161831,0.98873924672051,436,1570,"organelle subcompartment","CC"
"8164","GO:0032588",0.0131731385373213,0.992323373722152,40,112,"trans-Golgi network membrane","CC"
"5727","GO:0016514",0.013178410295461,0.995277679404086,14,30,"SWI/SNF complex","CC"
"19093","GO:1901623",0.0132250761528268,0.995817417298139,11,25,"regulation of lymphocyte chemotaxis","BP"
"5926","GO:0016889",0.0132586756467327,0.997864633627928,6,10,"DNA endonuclease activity, producing 3'-phosphomonoesters","MF"
"3444","GO:0007032",0.0132978222831781,0.992479729584378,36,101,"endosome organization","BP"
"10150","GO:0042221",0.0133114018854605,0.988034393714253,1010,3977,"response to chemical","BP"
"13934","GO:0060440",0.0133275540179728,0.998597879256226,5,7,"trachea formation","BP"
"11568","GO:0045959",0.0133323498463006,0.998597233568758,5,7,"negative regulation of complement activation, classical pathway","BP"
"19922","GO:1903707",0.013335468230034,0.992116825327614,41,121,"negative regulation of hemopoiesis","BP"
"16744","GO:0097136",0.0133381839890663,0.997848723069652,6,10,"Bcl-2 family protein complex","CC"
"17411","GO:0099522",0.0134069696301983,0.99441002840229,18,41,"cytosolic region","CC"
"18563","GO:0160006",0.0134264769938582,1,3,3,"Fc receptor-mediated immune complex endocytosis","BP"
"11394","GO:0045649",0.0135079157452488,0.995843992211857,11,23,"regulation of macrophage differentiation","BP"
"6117","GO:0018344",0.0135144022727819,0.998572671694632,5,7,"protein geranylgeranylation","BP"
"9693","GO:0036064",0.0136110896609533,0.990100238609068,105,325,"ciliary basal body","CC"
"9811","GO:0036344",0.0136123738127653,0.995358485258518,13,27,"platelet morphogenesis","BP"
"17222","GO:0098876",0.01362090805342,0.991269027247043,57,162,"vesicle-mediated transport to the plasma membrane","BP"
"3104","GO:0006509",0.0136306634349921,0.993915616865294,20,49,"membrane protein ectodomain proteolysis","BP"
"6245","GO:0019243",0.0137626258988437,1,3,3,"methylglyoxal catabolic process to D-lactate via S-lactoyl-glutathione","BP"
"12847","GO:0050856",0.0137999532000605,0.993660187797695,21,53,"regulation of T cell receptor signaling pathway","BP"
"15951","GO:0072197",0.0138150257920068,0.998531895756131,5,7,"ureter morphogenesis","BP"
"5942","GO:0016925",0.013846388797779,0.993029144298995,26,68,"protein sumoylation","BP"
"5514","GO:0016071",0.013860677794061,0.988815958462718,220,758,"mRNA metabolic process","BP"
"7072","GO:0030334",0.0139342325530041,0.98848909335935,279,959,"regulation of cell migration","BP"
"18469","GO:0141198",0.0139479498456938,0.996133036530969,10,19,"protein branched polyubiquitination","BP"
"19181","GO:1901875",0.0139497180239774,0.991522565192115,45,132,"positive regulation of post-translational protein modification","BP"
"8833","GO:0034134",0.0139605999845266,0.996429583801933,9,17,"toll-like receptor 2 signaling pathway","BP"
"12606","GO:0048872",0.0139790631717591,0.989701580294111,110,364,"homeostasis of number of cells","BP"
"14815","GO:0070103",0.0140150486908,0.9991555459509,4,5,"regulation of interleukin-6-mediated signaling pathway","BP"
"12970","GO:0051049",0.0140392581492073,0.987941850883854,443,1596,"regulation of transport","BP"
"132","GO:0000301",0.0140631824111217,0.997947674975233,6,9,"retrograde transport, vesicle recycling within Golgi","BP"
"16160","GO:0072687",0.0140826484843079,0.996392545115589,9,17,"meiotic spindle","CC"
"2584","GO:0005581",0.014087427287244,0.992293982452045,33,86,"collagen trimer","CC"
"6469","GO:0019957",0.0140996495266441,0.995559465107558,11,24,"C-C chemokine binding","MF"
"8354","GO:0032872",0.0141557177759355,0.994327017816618,16,38,"regulation of stress-activated MAPK cascade","BP"
"1121","GO:0002637",0.014160973573866,0.992572981709712,28,79,"regulation of immunoglobulin production","BP"
"17150","GO:0098754",0.0141840384125258,0.991248333951414,45,152,"detoxification","BP"
"1822","GO:0004197",0.0143432584594805,0.992168378302205,32,87,"cysteine-type endopeptidase activity","MF"
"3563","GO:0007264",0.0144311525737369,0.988803260762599,161,505,"small GTPase-mediated signal transduction","BP"
"14494","GO:0061614",0.014475961660039,0.992345109184302,30,76,"miRNA transcription","BP"
"11018","GO:0044346",0.0146101146431709,0.995196794543881,12,25,"fibroblast apoptotic process","BP"
"16606","GO:0090630",0.014617653630375,0.995364529301224,12,23,"activation of GTPase activity","BP"
"1028","GO:0002467",0.0146275984447252,0.996725081064838,8,14,"germinal center formation","BP"
"4464","GO:0009895",0.0146312440163296,0.989083495013702,119,386,"negative regulation of catabolic process","BP"
"8192","GO:0032620",0.0146475703853062,0.99402811491065,16,40,"interleukin-17 production","BP"
"8222","GO:0032660",0.0146475703853062,0.99402811491065,16,40,"regulation of interleukin-17 production","BP"
"6100","GO:0018205",0.0146925781331877,0.991091983508836,44,129,"peptidyl-lysine modification","BP"
"6876","GO:0030030",0.0146987214150241,0.987310929537356,479,1646,"cell projection organization","BP"
"13055","GO:0051222",0.0146992506407717,0.989709395469716,82,257,"positive regulation of protein transport","BP"
"3020","GO:0006383",0.0147560273704858,0.992891437606334,23,59,"transcription by RNA polymerase III","BP"
"10816","GO:0043525",0.0147564743568193,0.992620969084135,25,66,"positive regulation of neuron apoptotic process","BP"
"3226","GO:0006659",0.0147825526943536,1,3,3,"phosphatidylserine biosynthetic process","BP"
"4399","GO:0009636",0.0148109011188227,0.989739117044744,75,255,"response to toxic substance","BP"
"8182","GO:0032608",0.0148371020125233,0.992765081550841,24,60,"interferon-beta production","BP"
"8212","GO:0032648",0.0148371020125233,0.992765081550841,24,60,"regulation of interferon-beta production","BP"
"16095","GO:0072539",0.0148498607308964,0.993846789193667,17,40,"T-helper 17 cell differentiation","BP"
"9778","GO:0036293",0.0148636365679498,0.989228208511646,99,316,"response to decreased oxygen levels","BP"
"10374","GO:0042692",0.0148865467932662,0.988758692176732,130,411,"muscle cell differentiation","BP"
"887","GO:0002262",0.0149722743456693,0.990037504552965,63,198,"myeloid cell homeostasis","BP"
"1582","GO:0003713",0.0149773436048067,0.989283104654087,93,286,"transcription coactivator activity","MF"
"3886","GO:0008318",0.0150437153113606,0.998362497357076,5,7,"protein prenyltransferase activity","MF"
"5574","GO:0016197",0.0150579434655973,0.989159867096984,96,297,"endosomal transport","BP"
"2786","GO:0005942",0.0150813159120261,0.996226868000134,9,16,"phosphatidylinositol 3-kinase complex","CC"
"7508","GO:0031400",0.015089414023805,0.98979386368229,68,214,"negative regulation of protein modification process","BP"
"15261","GO:0070938",0.0151466026971589,0.997231504516489,7,11,"contractile ring","CC"
"4618","GO:0010543",0.0152943385264094,0.99277194578153,22,55,"regulation of platelet activation","BP"
"1006","GO:0002437",0.0153247883276622,0.992118061083663,26,73,"inflammatory response to antigenic stimulus","BP"
"900","GO:0002278",0.0153946165007509,0.997975029747358,5,8,"eosinophil activation involved in immune response","BP"
"10693","GO:0043308",0.0153946165007509,0.997975029747358,5,8,"eosinophil degranulation","BP"
"16632","GO:0090677",0.0154092188378302,0.999041881926615,4,5,"reversible differentiation","BP"
"10523","GO:0043024",0.0154223439493121,0.995537167084968,10,20,"ribosomal small subunit binding","MF"
"133","GO:0000302",0.0154456790649133,0.989755522767513,61,196,"response to reactive oxygen species","BP"
"4409","GO:0009653",0.0154682533508654,0.98624836014549,774,2752,"anatomical structure morphogenesis","BP"
"15707","GO:0071754",0.0155835699032001,1,3,3,"IgM immunoglobulin complex, circulating","CC"
"15709","GO:0071756",0.0155835699032001,1,3,3,"pentameric IgM immunoglobulin complex","CC"
"6932","GO:0030133",0.0155946630307516,0.988105498828143,135,450,"transport vesicle","CC"
"12534","GO:0048711",0.0157432843680497,0.996861570891038,7,12,"positive regulation of astrocyte differentiation","BP"
"9186","GO:0035032",0.0157895341759676,0.998257588088292,5,7,"phosphatidylinositol 3-kinase complex, class III","CC"
"4241","GO:0009170",0.0157992261943312,0.996664779745185,7,13,"purine deoxyribonucleoside monophosphate metabolic process","BP"
"5632","GO:0016308",0.015879944137148,0.997611260765799,6,9,"1-phosphatidylinositol-4-phosphate 5-kinase activity","MF"
"17165","GO:0098791",0.0159390579285409,0.988025276400471,122,394,"Golgi apparatus subcompartment","CC"
"19631","GO:1903038",0.0159566761537174,0.989936778669926,49,153,"negative regulation of leukocyte cell-cell adhesion","BP"
"12824","GO:0050816",0.0159898258202669,1,3,3,"phosphothreonine residue binding","MF"
"18467","GO:0141193",0.0159978750936536,0.989182991212217,68,205,"nuclear receptor-mediated signaling pathway","BP"
"2248","GO:0004911",0.0160541002143526,1,3,3,"interleukin-2 receptor activity","MF"
"6481","GO:0019976",0.0160541002143526,1,3,3,"interleukin-2 binding","MF"
"9940","GO:0038095",0.0160980025145804,0.994627280453417,12,25,"Fc-epsilon receptor signaling pathway","BP"
"21750","GO:2000677",0.0161260762700098,0.995413859266363,10,19,"regulation of transcription regulatory region DNA binding","BP"
"9017","GO:0034472",0.0161810233123998,0.994789114486723,11,24,"snRNA 3'-end processing","BP"
"5489","GO:0016020",0.0162109392893755,0.985100487026335,2460,9601,"membrane","CC"
"10141","GO:0042177",0.0162186819885028,0.990219380738243,42,123,"negative regulation of protein catabolic process","BP"
"19542","GO:1902850",0.0162348667788191,0.989441032892702,57,168,"microtubule cytoskeleton organization involved in mitosis","BP"
"18922","GO:1901028",0.0162877000747021,0.994749139550444,11,24,"regulation of mitochondrial outer membrane permeabilization involved in apoptotic signaling pathway","BP"
"13280","GO:0051656",0.0162955682459923,0.987734100674253,123,396,"establishment of organelle localization","BP"
"7210","GO:0030686",0.0163593451656349,0.994445749331748,12,26,"90S preribosome","CC"
"16428","GO:0090199",0.0163674699318286,0.99294600512227,17,45,"regulation of release of cytochrome c from mitochondria","BP"
"1179","GO:0002712",0.0163704713101082,0.991955961313484,23,62,"regulation of B cell mediated immunity","BP"
"1290","GO:0002889",0.0163704713101082,0.991955961313484,23,62,"regulation of immunoglobulin mediated immune response","BP"
"19643","GO:1903055",0.0163902769682911,0.994255419772227,13,27,"positive regulation of extracellular matrix organization","BP"
"9749","GO:0036166",0.016458836615585,0.998162146064042,5,7,"phenotypic switching","BP"
"9578","GO:0035861",0.0165152720092523,0.990510773812086,36,100,"site of double-strand break","CC"
"17776","GO:0120036",0.0165612207778176,0.985693994868322,466,1601,"plasma membrane bounded cell projection organization","BP"
"17153","GO:0098758",0.0165630698478662,1,3,3,"response to interleukin-8","BP"
"17154","GO:0098759",0.0165630698478662,1,3,3,"cellular response to interleukin-8","BP"
"17813","GO:0120115",0.01671143822611,0.998133938388042,4,7,"Lsm2-8 complex","CC"
"17733","GO:0110078",0.016734954648983,1,3,3,"TTT Hsp90 cochaperone complex","CC"
"20303","GO:1904464",0.0167773899277796,0.998116298998948,5,7,"regulation of matrix metallopeptidase secretion","BP"
"21258","GO:1990773",0.0167773899277796,0.998116298998948,5,7,"matrix metallopeptidase secretion","BP"
"12235","GO:0048010",0.0168009491476806,0.99182371942696,23,58,"vascular endothelial growth factor receptor signaling pathway","BP"
"5477","GO:0015986",0.0168057840174302,0.991469984691848,23,76,"proton motive force-driven ATP synthesis","BP"
"3951","GO:0008428",0.0169140906317992,0.998915029251005,4,5,"ribonuclease inhibitor activity","MF"
"344","GO:0001094",0.0169150533742395,0.997108829621448,6,10,"TFIID-class transcription factor complex binding","MF"
"16675","GO:0097028",0.016936387294798,0.992466898876181,18,48,"dendritic cell differentiation","BP"
"20612","GO:1905098",0.0169533246518107,0.99891166610262,4,5,"negative regulation of guanyl-nucleotide exchange factor activity","BP"
"13025","GO:0051148",0.0169982445680108,0.991427870562222,25,64,"negative regulation of muscle cell differentiation","BP"
"13489","GO:0052742",0.0171851997368319,0.994023584643582,13,26,"phosphatidylinositol kinase activity","MF"
"9025","GO:0034481",0.0171903461762277,0.998056467025719,5,7,"chondroitin sulfotransferase activity","MF"
"21243","GO:1990748",0.0172024001075873,0.989823623506654,37,120,"cellular detoxification","BP"
"2597","GO:0005594",0.0172394526676074,1,3,3,"collagen type IX trimer","CC"
"8137","GO:0032535",0.0172454979249602,0.98714935107673,114,359,"regulation of cellular component size","BP"
"17581","GO:0106068",0.0174350288783115,0.996238804802582,7,13,"SUMO ligase complex","CC"
"14706","GO:0062098",0.0174397382416245,0.993363436845654,14,32,"regulation of programmed necrotic cell death","BP"
"2121","GO:0004715",0.01746266964756,0.992220374916744,19,45,"non-membrane spanning protein tyrosine kinase activity","MF"
"3573","GO:0007275",0.0174737922393673,0.984104957912736,1301,4771,"multicellular organism development","BP"
"11930","GO:0046777",0.0174998894363555,0.989050184283534,49,134,"protein autophosphorylation","BP"
"18219","GO:0140640",0.0175288915824368,0.985982688553608,190,647,"catalytic activity, acting on a nucleic acid","MF"
"16785","GO:0097194",0.0175335271368692,0.990117216615756,33,93,"execution phase of apoptosis","BP"
"21898","GO:2001034",0.017604035152067,0.995297514111038,9,17,"positive regulation of double-strand break repair via nonhomologous end joining","BP"
"12974","GO:0051053",0.017609311449839,0.989001785328012,47,138,"negative regulation of DNA metabolic process","BP"
"13274","GO:0051648",0.0176516766091846,0.987798723628359,74,223,"vesicle localization","BP"
"20054","GO:1903939",0.017723344482528,0.996105298706749,8,13,"regulation of TORC2 signaling","BP"
"4356","GO:0009411",0.0177405918083178,0.988610129999107,52,157,"response to UV","BP"
"21679","GO:2000563",0.0177546988888671,0.996928713292123,6,10,"positive regulation of CD4-positive, alpha-beta T cell proliferation","BP"
"18215","GO:0140632",0.017765107820852,0.990952029932683,25,66,"canonical inflammasome complex assembly","BP"
"21968","GO:2001237",0.0177793065933025,0.989783429989588,35,99,"negative regulation of extrinsic apoptotic signaling pathway","BP"
"1071","GO:0002532",0.0178367531562247,0.989588281966958,36,108,"production of molecular mediator involved in inflammatory response","BP"
"21049","GO:1990234",0.0178664152119178,0.98516001465327,273,959,"transferase complex","CC"
"15338","GO:0071074",0.0179535019975888,1,3,3,"eukaryotic initiation factor eIF2 binding","MF"
"432","GO:0001568",0.0179636476312805,0.985421600103211,218,730,"blood vessel development","BP"
"3705","GO:0008009",0.0179877912300697,0.99252403077636,14,48,"chemokine activity","MF"
"3918","GO:0008380",0.0180291289270234,0.986190356665682,132,454,"RNA splicing","BP"
"9589","GO:0035872",0.0180410699543948,0.993168187374936,14,31,"nucleotide-binding domain, leucine rich repeat containing receptor signaling pathway","BP"
"4061","GO:0008625",0.0180496233699075,0.990109775531163,30,84,"extrinsic apoptotic signaling pathway via death domain receptors","BP"
"2692","GO:0005778",0.0181220465408751,0.990751866063875,25,66,"peroxisomal membrane","CC"
"7758","GO:0031903",0.0181220465408751,0.990751866063875,25,66,"microbody membrane","CC"
"12126","GO:0047484",0.0181288065032143,0.99556734453991,8,15,"regulation of response to osmotic stress","BP"
"19144","GO:1901741",0.0181468200928707,0.995404819456379,8,16,"positive regulation of myoblast fusion","BP"
"7456","GO:0031269",0.0181515170190316,0.995560655647991,8,15,"pseudopodium assembly","BP"
"15104","GO:0070603",0.0182010058178979,0.989594909133923,35,94,"SWI/SNF superfamily-type complex","CC"
"1176","GO:0002709",0.0182476467752989,0.989380802711044,35,108,"regulation of T cell mediated immunity","BP"
"385","GO:0001501",0.0182487846530642,0.985657201485147,163,543,"skeletal system development","BP"
"2087","GO:0004663",0.0182576102756173,0.998798291984217,4,5,"Rab geranylgeranyltransferase activity","MF"
"7198","GO:0030665",0.0182635895597976,0.988590552988753,46,139,"clathrin-coated vesicle membrane","CC"
"14279","GO:0061044",0.0183065586179419,0.998793978632326,4,5,"negative regulation of vascular wound healing","BP"
"8353","GO:0032870",0.0183449145194251,0.985227982263678,200,679,"cellular response to hormone stimulus","BP"
"20996","GO:1990072",0.0183751133026406,0.99635506631529,6,12,"TRAPPIII protein complex","CC"
"11175","GO:0045060",0.0184214665811547,0.996196227394253,7,12,"negative thymic T cell selection","BP"
"6443","GO:0019886",0.0184431692174607,0.993279137519558,12,31,"antigen processing and presentation of exogenous peptide antigen via MHC class II","BP"
"5770","GO:0016605",0.0184603007332823,0.98905666145148,39,108,"PML body","CC"
"20305","GO:1904466",0.018546153096354,1,3,3,"positive regulation of matrix metallopeptidase secretion","BP"
"21412","GO:2000145",0.0185505616773215,0.984488971500179,292,1017,"regulation of cell motility","BP"
"21374","GO:2000059",0.0185820493570327,0.990592850870086,24,65,"negative regulation of ubiquitin-dependent protein catabolic process","BP"
"6441","GO:0019884",0.0185911722196856,0.991573451612934,18,50,"antigen processing and presentation of exogenous antigen","BP"
"1174","GO:0002707",0.0186335914248504,0.990393986073926,25,69,"negative regulation of lymphocyte mediated immunity","BP"
"5397","GO:0015835",0.0186856721010103,1,3,3,"peptidoglycan transport","BP"
"6934","GO:0030135",0.0187426043200116,0.986276534336892,98,319,"coated vesicle","CC"
"13030","GO:0051153",0.0187596419321562,0.98962648629308,31,84,"regulation of striated muscle cell differentiation","BP"
"6995","GO:0030220",0.0187714446757513,0.99358167289718,12,25,"platelet formation","BP"
"7812","GO:0032008",0.0188573916061617,0.989286045200628,34,91,"positive regulation of TOR signaling","BP"
"13289","GO:0051668",0.0188630417933583,0.984724390582167,209,712,"localization within membrane","BP"
"5690","GO:0016445",0.0188781935703472,0.99018185419527,26,69,"somatic diversification of immunoglobulins","BP"
"15136","GO:0070670",0.0188927884602602,0.992088924167188,16,39,"response to interleukin-4","BP"
"8970","GO:0034382",0.0189114875326851,0.997803012173559,4,7,"chylomicron remnant clearance","BP"
"12829","GO:0050821",0.0189703591289071,0.986709400267674,76,243,"protein stabilization","BP"
"21725","GO:2000640",0.0190160379739179,1,3,3,"positive regulation of SREBP signaling pathway","BP"
"17964","GO:0140034",0.0190408948653494,1,3,3,"methylation-dependent protein binding","MF"
"48","GO:0000110",0.0190685190075109,1,3,3,"nucleotide-excision repair factor 1 complex","CC"
"15518","GO:0071456",0.0191007195972722,0.987862839488199,49,146,"cellular response to hypoxia","BP"
"6398","GO:0019787",0.0191416109276247,0.985144196144703,146,479,"ubiquitin-like protein transferase activity","MF"
"776","GO:0002068",0.019181229389994,0.996002997611631,7,12,"glandular epithelial cell development","BP"
"654","GO:0001906",0.0191818890555813,0.986501848515748,73,278,"cell killing","BP"
"6921","GO:0030121",0.0192225608216399,0.995992431302204,7,12,"AP-1 adaptor complex","CC"
"15430","GO:0071316",0.0193205037354995,0.997292318485137,5,8,"cellular response to nicotine","BP"
"16341","GO:0090068",0.0193732025566976,0.986184118190713,84,264,"positive regulation of cell cycle process","BP"
"15139","GO:0070673",0.0193892074584111,0.99456883422597,9,18,"response to interleukin-18","BP"
"19743","GO:1903322",0.0193938840217319,0.987985400201147,44,131,"positive regulation of protein modification by small protein conjugation or removal","BP"
"19132","GO:1901701",0.0195541798547115,0.983400415965495,343,1219,"cellular response to oxygen-containing compound","BP"
"11431","GO:0045724",0.0196378879178251,0.992214828239457,15,33,"positive regulation of cilium assembly","BP"
"12490","GO:0048646",0.0196694771754191,0.983286964882144,350,1211,"anatomical structure formation involved in morphogenesis","BP"
"259","GO:0000792",0.0196775466908811,0.9889966675623,32,85,"heterochromatin","CC"
"5581","GO:0016209",0.0196799140562417,0.989731558492497,24,77,"antioxidant activity","MF"
"9645","GO:0035989",0.0196880904089424,0.997685323020569,5,7,"tendon development","BP"
"17073","GO:0098609",0.0199351349173187,0.983331226451048,287,986,"cell-cell adhesion","BP"
"15011","GO:0070432",0.019939843645749,0.996449396825101,6,10,"regulation of nucleotide-binding oligomerization domain containing 2 signaling pathway","BP"
"3479","GO:0007099",0.0199818123024827,0.990953841944796,19,45,"centriole replication","BP"
"3187","GO:0006606",0.0199886379453887,0.986649005123631,61,178,"protein import into nucleus","BP"
"12493","GO:0048661",0.0200103058879192,0.988991627928541,30,81,"positive regulation of smooth muscle cell proliferation","BP"
"10839","GO:0043555",0.020095024941214,0.993399803252153,11,23,"regulation of translation in response to stress","BP"
"10295","GO:0042532",0.0201200820263149,1,3,3,"negative regulation of tyrosine phosphorylation of STAT protein","BP"
"7211","GO:0030687",0.0201617905508,0.994784194757558,8,16,"preribosome, large subunit precursor","CC"
"18136","GO:0140416",0.0201798862799888,0.99120547383961,17,42,"transcription regulator inhibitor activity","MF"
"7239","GO:0030833",0.0202094544058263,0.987463256130638,44,129,"regulation of actin filament polymerization","BP"
"12776","GO:0050731",0.0202234059774499,0.990407642217188,20,53,"positive regulation of peptidyl-tyrosine phosphorylation","BP"
"10077","GO:0042023",0.0202518902606695,0.998619230192477,4,5,"DNA endoreduplication","BP"
"18132","GO:0140375",0.0202914607346906,0.986970930385382,49,156,"immune receptor activity","MF"
"15223","GO:0070862",0.020397775692315,0.996347084830741,6,10,"negative regulation of protein exit from endoplasmic reticulum","BP"
"7506","GO:0031398",0.0204239594360174,0.987893389446398,37,108,"positive regulation of protein ubiquitination","BP"
"16720","GO:0097110",0.0204445536182329,0.989067193124201,28,72,"scaffold protein binding","MF"
"51","GO:0000118",0.0204458147613201,0.988570275150737,32,83,"histone deacetylase complex","CC"
"16717","GO:0097107",0.0204564937951752,0.992287445414347,14,29,"postsynaptic density assembly","BP"
"6935","GO:0030136",0.0204905110801512,0.985789251605882,71,222,"clathrin-coated vesicle","CC"
"886","GO:0002260",0.0205175121591491,0.98873333900473,29,82,"lymphocyte homeostasis","BP"
"16590","GO:0090571",0.0205539974218194,0.994842875529699,8,15,"RNA polymerase II transcription repressor complex","CC"
"9705","GO:0036092",0.020597254071595,0.993099422465906,12,23,"phosphatidylinositol-3-phosphate biosynthetic process","BP"
"12023","GO:0046966",0.0206942645579276,0.992388180093188,13,28,"nuclear thyroid hormone receptor binding","MF"
"14143","GO:0060765",0.02073776100631,0.99171612858283,15,33,"regulation of androgen receptor signaling pathway","BP"
"6043","GO:0017169",0.0208254513974908,0.997018804757288,5,8,"CDP-alcohol phosphatidyltransferase activity","MF"
"256","GO:0000785",0.0208608030318065,0.982078143575609,394,1406,"chromatin","CC"
"10050","GO:0040012",0.0208791965218209,0.982430182731071,303,1059,"regulation of locomotion","BP"
"6841","GO:0022904",0.0209248552416357,0.988003374723112,30,112,"respiratory electron transport chain","BP"
"11877","GO:0046639",0.0209271152403254,0.992118381246776,13,30,"negative regulation of alpha-beta T cell differentiation","BP"
"4895","GO:0010976",0.0209585868705758,0.986387252116665,53,154,"positive regulation of neuron projection development","BP"
"18216","GO:0140633",0.0209625109805913,0.99855381594701,4,5,"CARD8 inflammasome complex assembly","BP"
"12704","GO:0050508",0.0209630029143021,1,3,3,"glucuronosyl-N-acetylglucosaminyl-proteoglycan 4-alpha-N-acetylglucosaminyltransferase activity","MF"
"10785","GO:0043484",0.0209792171565509,0.985842947300819,62,189,"regulation of RNA splicing","BP"
"18099","GO:0140313",0.0211284629745386,0.988898771887256,25,72,"molecular sequestering activity","MF"
"14502","GO:0061626",0.0211522605614186,0.996177156365095,6,10,"pharyngeal arch artery morphogenesis","BP"
"6218","GO:0019207",0.0212166109068695,0.984454317429387,95,308,"kinase regulator activity","MF"
"12278","GO:0048145",0.0212232907572163,0.98792002811099,32,92,"regulation of fibroblast proliferation","BP"
"9523","GO:0035754",0.0212688609762029,0.996937043403712,5,8,"B cell chemotaxis","BP"
"928","GO:0002317",0.0213802028797387,0.99582796228393,6,11,"plasma cell differentiation","BP"
"10726","GO:0043374",0.021407951470679,0.994583057120632,8,15,"CD8-positive, alpha-beta T cell differentiation","BP"
"8415","GO:0032954",0.0214922857121221,0.997407812956778,5,7,"regulation of cytokinetic process","BP"
"19808","GO:1903436",0.0214922857121221,0.997407812956778,5,7,"regulation of mitotic cytokinetic process","BP"
"19809","GO:1903438",0.0214922857121221,0.997407812956778,5,7,"positive regulation of mitotic cytokinetic process","BP"
"8689","GO:0033619",0.0215601283377968,0.988945406366607,24,64,"membrane protein proteolysis","BP"
"6624","GO:0021702",0.0215718592939251,0.99476617263798,8,14,"cerebellar Purkinje cell differentiation","BP"
"19558","GO:1902893",0.0215899301082918,0.988248370208868,29,75,"regulation of miRNA transcription","BP"
"14959","GO:0070340",0.0216186597031323,1,3,3,"detection of bacterial lipopeptide","BP"
"17881","GO:0120281",0.0216402762438019,0.996868154489056,5,8,"autolysosome membrane","CC"
"1155","GO:0002688",0.0216411686043501,0.986796315312137,39,125,"regulation of leukocyte chemotaxis","BP"
"9855","GO:0036465",0.0216476561680069,0.987771077784436,32,86,"synaptic vesicle recycling","BP"
"6615","GO:0021692",0.0216632484677527,0.99350389803511,10,19,"cerebellar Purkinje cell layer morphogenesis","BP"
"8076","GO:0032449",0.0216923676506437,0.998485775858896,4,5,"CBM complex","CC"
"13107","GO:0051298",0.0217178232490178,0.988008209070177,30,79,"centrosome duplication","BP"
"20730","GO:1905369",0.0217716793312941,0.987528993785523,31,100,"endopeptidase complex","CC"
"2008","GO:0004559",0.0217984375139272,0.994699515554225,8,14,"alpha-mannosidase activity","MF"
"7283","GO:0030890",0.021801820717062,0.990043625574333,18,47,"positive regulation of B cell proliferation","BP"
"5841","GO:0016755",0.0218667804915352,0.982878260387997,150,496,"aminoacyltransferase activity","MF"
"70","GO:0000153",0.0219926491005467,0.995985926452349,6,10,"cytoplasmic ubiquitin ligase complex","CC"
"342","GO:0001091",0.0219993921003547,0.992545852060212,11,24,"RNA polymerase II general transcription initiation factor binding","MF"
"16405","GO:0090168",0.0220071872393975,0.998456163349279,4,5,"Golgi reassembly","BP"
"1171","GO:0002704",0.0220486625581989,0.987930247474704,28,80,"negative regulation of leukocyte mediated immunity","BP"
"78","GO:0000175",0.0220505972366555,0.990896861655257,15,36,"3'-5'-RNA exonuclease activity","MF"
"4111","GO:0008821",0.0220942203532035,0.99678346537039,5,8,"crossover junction DNA endonuclease activity","MF"
"8451","GO:0033002",0.0221223459306062,0.984780338365423,67,206,"muscle cell proliferation","BP"
"11614","GO:0046054",0.0221675418440409,0.996769735829005,5,8,"dGMP metabolic process","BP"
"9230","GO:0035166",0.0222251260124193,0.998435571401446,4,5,"post-embryonic hemopoiesis","BP"
"924","GO:0002313",0.0222359477235637,0.991091924810768,14,34,"mature B cell differentiation involved in immune response","BP"
"6345","GO:0019646",0.0222784126813734,0.988016806497144,24,91,"aerobic electron transport chain","BP"
"15262","GO:0070939",0.0223436077211588,1,3,3,"Dsl1/NZR complex","CC"
"9246","GO:0035239",0.022377783980706,0.981380252851119,263,891,"tube morphogenesis","BP"
"2166","GO:0004784",0.022411490083332,0.998783611974234,3,4,"superoxide dismutase activity","MF"
"5821","GO:0016721",0.022411490083332,0.998783611974234,3,4,"oxidoreductase activity, acting on superoxide radicals as acceptor","MF"
"8534","GO:0033151",0.0226281238449347,0.993656393724261,9,17,"V(D)J recombination","BP"
"15065","GO:0070534",0.0226330439146316,0.98736240803165,30,83,"protein K63-linked ubiquitination","BP"
"21493","GO:2000297",0.0226711241862529,1,3,3,"negative regulation of synapse maturation","BP"
"21896","GO:2001032",0.0226820394070167,0.991441502465667,13,29,"regulation of double-strand break repair via nonhomologous end joining","BP"
"1157","GO:0002690",0.0227316530867619,0.986973258796803,31,97,"positive regulation of leukocyte chemotaxis","BP"
"1237","GO:0002820",0.0228014835612048,0.987786327190589,26,74,"negative regulation of adaptive immune response","BP"
"17774","GO:0120034",0.0228892233955502,0.985890093111335,42,119,"positive regulation of plasma membrane bounded cell projection assembly","BP"
"4183","GO:0009101",0.0229493440467259,0.983287451252699,90,286,"glycoprotein biosynthetic process","BP"
"13336","GO:0051787",0.022981320772665,0.993349854648466,9,18,"misfolded protein binding","MF"
"35","GO:0000077",0.0230241615762142,0.985876236734831,41,117,"DNA damage checkpoint signaling","BP"
"9875","GO:0036493",0.0231060418137751,0.998351577276956,4,5,"positive regulation of translation in response to endoplasmic reticulum stress","BP"
"8316","GO:0032801",0.023157234787991,0.990907705868422,14,31,"receptor catabolic process","BP"
"20075","GO:1903975",0.0231959865550032,0.993113961972298,9,19,"regulation of glial cell migration","BP"
"1178","GO:0002711",0.0232109859424241,0.987641087325169,25,74,"positive regulation of T cell mediated immunity","BP"
"20206","GO:1904263",0.02327094281482,0.987532946388104,27,70,"positive regulation of TORC1 signaling","BP"
"18171","GO:0140507",0.0233062290680809,0.995100286378353,6,12,"granzyme-mediated programmed cell death signaling pathway","BP"
"10828","GO:0043539",0.02333585976979,0.987100226646075,29,79,"protein serine/threonine kinase activator activity","MF"
"19324","GO:1902237",0.0233747887006745,0.995336116359033,6,11,"positive regulation of endoplasmic reticulum stress-induced intrinsic apoptotic signaling pathway","BP"
"7114","GO:0030450",0.0233967627248685,0.996537503289749,5,8,"regulation of complement activation, classical pathway","BP"
"180","GO:0000421",0.0234398816002445,0.988424239814914,21,57,"autophagosome membrane","CC"
"15287","GO:0070979",0.0235191376869027,0.989745745663408,16,41,"protein K11-linked ubiquitination","BP"
"9723","GO:0036121",0.0236243662480831,1,3,3,"double-stranded DNA helicase activity","MF"
"18782","GO:1900118",0.023707301445312,0.992932705616444,9,19,"negative regulation of execution phase of apoptosis","BP"
"4573","GO:0010421",0.0237326433126881,0.993650740349856,8,16,"hydrogen peroxide-mediated programmed cell death","BP"
"3470","GO:0007088",0.0238127214755351,0.985392416787096,40,118,"regulation of mitotic nuclear division","BP"
"20205","GO:1904262",0.0239490165721952,0.987276598661678,26,68,"negative regulation of TORC1 signaling","BP"
"15003","GO:0070424",0.0240335091059985,0.993769730859669,8,15,"regulation of nucleotide-binding domain, leucine rich repeat containing receptor signaling pathway","BP"
"15269","GO:0070948",0.0240441522693147,0.997456195489879,4,6,"regulation of neutrophil mediated cytotoxicity","BP"
"13090","GO:0051276",0.0240608371829267,0.980782163152517,170,583,"chromosome organization","BP"
"4916","GO:0012510",0.0240952189539853,0.992293124458857,10,21,"trans-Golgi network transport vesicle membrane","CC"
"19572","GO:1902914",0.0241100225867,0.991087203547585,12,28,"regulation of protein polyubiquitination","BP"
"19225","GO:1902003",0.024276738010978,0.989628766604452,16,37,"regulation of amyloid-beta formation","BP"
"8810","GO:0034101",0.0243503591099503,0.983969580890149,52,164,"erythrocyte homeostasis","BP"
"13277","GO:0051651",0.0244158768531033,0.983063600751585,68,208,"maintenance of location in cell","BP"
"14935","GO:0070302",0.024424451354145,0.989355633230455,16,40,"regulation of stress-activated protein kinase signaling cascade","BP"
"21025","GO:1990166",0.0244584185292569,0.991149144156639,12,26,"protein localization to site of double-strand break","BP"
"4530","GO:0010171",0.0244738646607843,0.988109814064089,21,51,"body morphogenesis","BP"
"21478","GO:2000271",0.0244834970924479,0.995407479037579,6,10,"positive regulation of fibroblast apoptotic process","BP"
"6635","GO:0021747",0.0246982186645563,1,3,3,"cochlear nucleus development","BP"
"5868","GO:0016798",0.0248145299381018,0.984474092431096,42,129,"hydrolase activity, acting on glycosyl bonds","MF"
"4383","GO:0009595",0.0248171533779036,0.989514309323269,15,37,"detection of biotic stimulus","BP"
"5843","GO:0016758",0.0248852243139098,0.983007837900511,62,192,"hexosyltransferase activity","MF"
"7548","GO:0031460",0.0251224365150346,1,3,3,"glycine betaine transport","BP"
"7455","GO:0031268",0.0251609219438102,0.993186162319789,8,16,"pseudopodium organization","BP"
"15449","GO:0071346",0.025214482027759,0.985026285587183,35,102,"cellular response to type II interferon","BP"
"7837","GO:0032045",0.0252647348915692,0.990693931113523,12,27,"guanyl-nucleotide exchange factor complex","CC"
"7251","GO:0030851",0.0252695994939094,0.988605217035399,17,43,"granulocyte differentiation","BP"
"14278","GO:0061043",0.0252878860228357,0.994853548425705,6,11,"regulation of vascular wound healing","BP"
"5243","GO:0015379",0.025295109818624,0.995711708261633,6,9,"potassium:chloride symporter activity","MF"
"6411","GO:0019815",0.0254417271317233,0.997256745262106,4,6,"B cell receptor complex","CC"
"2784","GO:0005938",0.0254659644607231,0.980945997786095,105,324,"cell cortex","CC"
"2623","GO:0005655",0.0255830033858494,0.996720677620012,4,7,"nucleolar ribonuclease P complex","CC"
"6220","GO:0019209",0.0256263596933485,0.983066908035611,53,160,"kinase activator activity","MF"
"9377","GO:0035520",0.0256387777149131,0.995637963216279,6,9,"monoubiquitinated protein deubiquitination","BP"
"10420","GO:0042770",0.0256475417346677,0.982332597402694,64,200,"signal transduction in response to DNA damage","BP"
"17054","GO:0098562",0.0256547452382821,0.982198013562249,66,210,"cytoplasmic side of membrane","CC"
"3365","GO:0006892",0.0257203476155728,0.984033154083058,42,117,"post-Golgi vesicle-mediated transport","BP"
"17318","GO:0099041",0.0257789986896381,0.998089445505085,4,5,"vesicle tethering to Golgi","BP"
"15682","GO:0071709",0.0258842015681996,0.986685110572396,23,61,"membrane assembly","BP"
"20165","GO:1904152",0.0258929182466771,0.993893266927869,7,13,"regulation of retrograde protein transport, ER to cytosol","BP"
"21382","GO:2000074",0.025920940419616,0.996048802049442,5,8,"regulation of type B pancreatic cell development","BP"
"1787","GO:0004129",0.0259352146946748,0.993835094532069,6,15,"cytochrome-c oxidase activity","MF"
"6439","GO:0019882",0.0259426407893188,0.9841568292626,37,119,"antigen processing and presentation","BP"
"3910","GO:0008361",0.025973027836726,0.982307498301217,62,181,"regulation of cell size","BP"
"2988","GO:0006308",0.0260877382402349,0.989581269729575,13,33,"DNA catabolic process","BP"
"5181","GO:0015217",0.0260958485475265,0.9946466869048,6,11,"ADP transmembrane transporter activity","MF"
"18964","GO:1901184",0.0261970715625252,0.98567394708388,27,74,"regulation of ERBB signaling pathway","BP"
"19563","GO:1902902",0.0262090870182025,0.993801400470065,7,13,"negative regulation of autophagosome assembly","BP"
"8283","GO:0032755",0.0262824586990791,0.98453933980132,33,99,"positive regulation of interleukin-6 production","BP"
"11104","GO:0044784",0.0263201855856095,0.984458695891266,34,98,"metaphase/anaphase transition of cell cycle","BP"
"9455","GO:0035655",0.0264227540008613,0.992770686025525,8,16,"interleukin-18-mediated signaling pathway","BP"
"15454","GO:0071351",0.0264227540008613,0.992770686025525,8,16,"cellular response to interleukin-18","BP"
"7950","GO:0032273",0.0264587130990008,0.984663721228002,32,91,"positive regulation of protein polymerization","BP"
"8356","GO:0032874",0.0264600882733243,0.991391455266055,10,21,"positive regulation of stress-activated MAPK cascade","BP"
"14937","GO:0070304",0.0264600882733243,0.991391455266055,10,21,"positive regulation of stress-activated protein kinase signaling cascade","BP"
"21511","GO:2000319",0.026544320427962,0.990034611542172,12,28,"regulation of T-helper 17 cell differentiation","BP"
"1095","GO:0002576",0.0265445754845463,0.995925693553706,5,8,"platelet degranulation","BP"
"3383","GO:0006921",0.0266120079103338,0.989507725950824,13,31,"cellular component disassembly involved in execution phase of apoptosis","BP"
"7948","GO:0032271",0.0266457294838121,0.981562656966975,65,201,"regulation of protein polymerization","BP"
"6993","GO:0030218",0.026758035881282,0.982516263922678,49,153,"erythrocyte differentiation","BP"
"4560","GO:0010332",0.0267997775152484,0.986910907582759,20,52,"response to gamma radiation","BP"
"10403","GO:0042744",0.0268363887133718,0.990727667828703,10,25,"hydrogen peroxide catabolic process","BP"
"7405","GO:0031123",0.0268623105246661,0.984225549423088,33,96,"RNA 3'-end processing","BP"
"13065","GO:0051235",0.02729970694554,0.980773097412961,71,219,"maintenance of location","BP"
"8986","GO:0034405",0.0273187815937047,0.98740991467919,18,43,"response to fluid shear stress","BP"
"16372","GO:0090114",0.0273321094310306,0.987548447367821,17,43,"COPII-coated vesicle budding","BP"
"9721","GO:0036119",0.0274102767472183,0.989894825653734,12,26,"response to platelet-derived growth factor","BP"
"16420","GO:0090187",0.0275034337370782,1,2,2,"positive regulation of pancreatic juice secretion","BP"
"10025","GO:0039529",0.0275944908481333,0.98981571104474,12,26,"RIG-I signaling pathway","BP"
"3073","GO:0006457",0.0277014474488009,0.980588807559752,66,226,"protein folding","BP"
"10513","GO:0043009",0.0278631791601711,0.977190418894296,205,700,"chordate embryonic development","BP"
"7089","GO:0030371",0.0278818356144961,0.988641132302428,14,32,"translation repressor activity","MF"
"897","GO:0002275",0.0279538129905954,0.98344764899138,33,100,"myeloid cell activation involved in immune response","BP"
"13039","GO:0051170",0.0280308036443786,0.98078574427045,62,184,"import into nucleus","BP"
"10116","GO:0042130",0.0280440934018092,0.98444402147668,27,78,"negative regulation of T cell proliferation","BP"
"17045","GO:0098543",0.0281028246957636,0.991341856826837,9,19,"detection of other organism","BP"
"7685","GO:0031727",0.0281043999285451,0.997179827557897,3,6,"CCR2 chemokine receptor binding","MF"
"11539","GO:0045923",0.0281741917374753,0.987482136800086,16,40,"positive regulation of fatty acid metabolic process","BP"
"14051","GO:0060613",0.028182557112822,0.994518091968614,6,10,"fat pad development","BP"
"17039","GO:0098534",0.0283292617218932,0.986177865036809,20,50,"centriole assembly","BP"
"16351","GO:0090084",0.028340630919964,0.993174890373591,7,13,"negative regulation of inclusion body assembly","BP"
"21990","GO:2001280",0.0283656975717313,0.994056191717696,6,11,"positive regulation of unsaturated fatty acid biosynthetic process","BP"
"21989","GO:2001279",0.0283835563152548,0.992873806382211,7,14,"regulation of unsaturated fatty acid biosynthetic process","BP"
"18760","GO:1900076",0.0283958144572815,0.984187545033189,28,76,"regulation of cellular response to insulin stimulus","BP"
"20448","GO:1904779",0.0284076829592995,0.993517532650783,7,12,"regulation of protein localization to centrosome","BP"
"10090","GO:0042063",0.0285443639956816,0.97838363015099,108,348,"gliogenesis","BP"
"10723","GO:0043371",0.02856600733363,0.989741335882682,11,25,"negative regulation of CD4-positive, alpha-beta T cell differentiation","BP"
"11170","GO:0045054",0.0285774725874693,0.995518112409645,5,8,"constitutive secretory pathway","BP"
"2990","GO:0006310",0.0285934716574701,0.978351410986463,107,351,"DNA recombination","BP"
"488","GO:0001666",0.0286045352413678,0.978793820835368,93,303,"response to hypoxia","BP"
"9064","GO:0034614",0.0286552019349847,0.98143470063688,46,145,"cellular response to reactive oxygen species","BP"
"21804","GO:2000779",0.0287475860981309,0.981105323877291,50,150,"regulation of double-strand break repair","BP"
"3711","GO:0008021",0.0287747285163465,0.979519994970165,73,233,"synaptic vesicle","CC"
"7730","GO:0031838",0.0289219666405944,0.995063900988782,4,11,"haptoglobin-hemoglobin complex","CC"
"21911","GO:2001057",0.029012405040772,0.983341096113902,30,86,"reactive nitrogen species metabolic process","BP"
"6914","GO:0030111",0.0290141916194657,0.978107762392985,105,336,"regulation of Wnt signaling pathway","BP"
"10692","GO:0043307",0.0290274235544307,0.994923078574834,5,9,"eosinophil activation","BP"
"10535","GO:0043039",0.0290459555727953,0.986597807193174,17,44,"tRNA aminoacylation","BP"
"21729","GO:2000644",0.0290890938876963,0.992952008784281,7,13,"regulation of receptor catabolic process","BP"
"7897","GO:0032183",0.0292312411546952,0.991379619630061,9,17,"SUMO binding","MF"
"3040","GO:0006412",0.0292456253160257,0.97621059410102,182,694,"translation","BP"
"6180","GO:0019080",0.0293234776942845,0.983373647379931,29,81,"viral gene expression","BP"
"6444","GO:0019887",0.029430753157615,0.978494196700104,84,274,"protein kinase regulator activity","MF"
"3472","GO:0007091",0.0294888563497831,0.982560976227123,33,95,"metaphase/anaphase transition of mitotic cell cycle","BP"
"467","GO:0001637",0.0296749552021522,0.989144011172768,11,26,"G protein-coupled chemoattractant receptor activity","MF"
"2275","GO:0004950",0.0296749552021522,0.989144011172768,11,26,"chemokine receptor activity","MF"
"13276","GO:0051650",0.0297888498785104,0.979195628118216,66,203,"establishment of vesicle localization","BP"
"5515","GO:0016072",0.0299007941273704,0.978346343096812,77,270,"rRNA metabolic process","BP"
"12384","GO:0048384",0.0300051499147708,0.986630455576504,16,39,"retinoic acid receptor signaling pathway","BP"
"3005","GO:0006356",0.0300417244060718,0.985500380460368,19,48,"regulation of transcription by RNA polymerase I","BP"
"8329","GO:0032814",0.0302429625004778,0.98616744951715,16,44,"regulation of natural killer cell activation","BP"
"6958","GO:0030168",0.0302482269005605,0.980318704203335,47,141,"platelet activation","BP"
"903","GO:0002281",0.0302667390821718,0.990351118397258,9,20,"macrophage activation involved in immune response","BP"
"20537","GO:1904949",0.0303101746515393,0.980817018599245,42,124,"ATPase complex","CC"
"14987","GO:0070391",0.0303761420810711,0.993522075559099,6,11,"response to lipoteichoic acid","BP"
"15379","GO:0071223",0.0303761420810711,0.993522075559099,6,11,"cellular response to lipoteichoic acid","BP"
"6832","GO:0022853",0.0304661946568333,0.981440432842751,34,117,"active monoatomic ion transmembrane transporter activity","MF"
"19314","GO:1902226",0.0304732389111767,0.998120925025371,3,4,"regulation of macrophage colony-stimulating factor signaling pathway","BP"
"12989","GO:0051091",0.0304812651067997,0.981158529416963,38,113,"positive regulation of DNA-binding transcription factor activity","BP"
"15000","GO:0070418",0.0304879891409634,0.997602411567598,4,5,"DNA-dependent protein kinase complex","CC"
"1016","GO:0002447",0.0305264625695249,0.994582743447857,5,9,"eosinophil mediated immunity","BP"
"9872","GO:0036490",0.030535404587173,0.993934666982571,6,10,"regulation of translation in response to endoplasmic reticulum stress","BP"
"20283","GO:1904415",0.0306241696962946,0.995098353351175,5,8,"regulation of xenophagy","BP"
"20284","GO:1904417",0.0306241696962946,0.995098353351175,5,8,"positive regulation of xenophagy","BP"
"16228","GO:0080164",0.0307450441133206,0.983757343238075,23,64,"regulation of nitric oxide metabolic process","BP"
"7593","GO:0031570",0.0307896983221752,0.980394709858756,43,126,"DNA integrity checkpoint signaling","BP"
"7903","GO:0032200",0.0308924198268811,0.9786657344933,61,191,"telomere organization","BP"
"1047","GO:0002491",0.0309690953968034,1,2,2,"antigen processing and presentation of endogenous peptide antigen via MHC class II","BP"
"11264","GO:0045251",0.0310230283380552,1,2,2,"electron transfer flavoprotein complex","CC"
"20729","GO:1905368",0.031094821801326,0.980406083531443,39,130,"peptidase complex","CC"
"2972","GO:0006281",0.0310987731182996,0.974740892032426,182,627,"DNA repair","BP"
"13670","GO:0060070",0.0311191546088135,0.976676712747848,98,313,"canonical Wnt signaling pathway","BP"
"7147","GO:0030532",0.0311220253133037,0.982862945385424,25,76,"small nuclear ribonucleoprotein complex","CC"
"12248","GO:0048025",0.0312185396621383,0.989346540964074,10,22,"negative regulation of mRNA splicing, via spliceosome","BP"
"13337","GO:0051788",0.0312253251427401,0.988935892925096,11,23,"response to misfolded protein","BP"
"21878","GO:2000978",0.031250941530549,1,2,2,"negative regulation of forebrain neuron differentiation","BP"
"12356","GO:0048308",0.0314093735304621,0.99108523815733,8,16,"organelle inheritance","BP"
"12359","GO:0048313",0.0314093735304621,0.99108523815733,8,16,"Golgi inheritance","BP"
"7367","GO:0031077",0.0314893507619311,0.994918158992196,5,8,"post-embryonic camera-type eye development","BP"
"9654","GO:0036005",0.0315834409718714,0.990778977142712,8,17,"response to macrophage colony-stimulating factor","BP"
"16946","GO:0097529",0.0316623302394521,0.977636934792242,65,232,"myeloid leukocyte migration","BP"
"12786","GO:0050767",0.0316668823279067,0.975686283916202,116,368,"regulation of neurogenesis","BP"
"8584","GO:0033273",0.0317572600428681,0.981309821335178,32,90,"response to vitamin","BP"
"16107","GO:0072560",0.031801969350487,0.998003362281567,3,4,"type B pancreatic cell maturation","BP"
"14647","GO:0061908",0.0318201759891268,1,3,3,"phagophore","CC"
"8677","GO:0033599",0.0318617166344579,0.990929076166207,8,16,"regulation of mammary gland epithelial cell proliferation","BP"
"5842","GO:0016757",0.0319047596002899,0.976733832747672,81,262,"glycosyltransferase activity","MF"
"7095","GO:0030388",0.0319607976199068,0.994252162515125,5,9,"fructose 1,6-bisphosphate metabolic process","BP"
"10647","GO:0043236",0.0319869382110831,0.987753704146707,12,27,"laminin binding","MF"
"7","GO:0000018",0.0320103080469047,0.978972854045731,48,145,"regulation of DNA recombination","BP"
"13933","GO:0060439",0.0320317219892582,0.993074709719381,6,11,"trachea morphogenesis","BP"
"7642","GO:0031665",0.0320631860117432,0.991223958647231,7,16,"negative regulation of lipopolysaccharide-mediated signaling pathway","BP"
"3012","GO:0006364",0.032275660989119,0.977318037160085,63,223,"rRNA processing","BP"
"3512","GO:0007173",0.0323759125627931,0.979419920445046,42,123,"epidermal growth factor receptor signaling pathway","BP"
"18152","GO:0140467",0.0323858802941445,0.983762872206135,20,53,"integrated stress response signaling","BP"
"6079","GO:0018108",0.0323915991271933,0.979493982591627,41,122,"peptidyl-tyrosine phosphorylation","BP"
"12438","GO:0048545",0.0324502168804639,0.975427222932861,102,340,"response to steroid hormone","BP"
"6925","GO:0030125",0.0324769622388796,0.985837098373457,15,36,"clathrin vesicle coat","CC"
"3478","GO:0007098",0.0325656371831685,0.978417263820745,50,149,"centrosome cycle","BP"
"16050","GO:0072359",0.0325657571422186,0.972060662959896,335,1158,"circulatory system development","BP"
"13040","GO:0051174",0.0326122455231181,0.973701180797816,167,577,"regulation of phosphorus metabolic process","BP"
"8274","GO:0032740",0.032713863061511,0.987700370207721,11,27,"positive regulation of interleukin-17 production","BP"
"9995","GO:0038172",0.0328037542008329,0.994641348592227,5,8,"interleukin-33-mediated signaling pathway","BP"
"20249","GO:1904356",0.0328587994538685,0.983287225470284,21,54,"regulation of telomere maintenance via telomere lengthening","BP"
"10956","GO:0044091",0.0328658684991305,0.982037637277907,25,69,"membrane biogenesis","BP"
"10993","GO:0044300",0.0330486656032121,0.99458936906285,5,8,"cerebellar mossy fiber","CC"
"15270","GO:0070949",0.0330630456762526,0.997889715645083,3,4,"regulation of neutrophil mediated killing of symbiont cell","BP"
"15388","GO:0071236",0.033155399058306,0.992767314468119,6,11,"cellular response to antibiotic","BP"
"14772","GO:0070026",0.0332040907718342,0.997876881004584,3,4,"nitric oxide binding","MF"
"4894","GO:0010975",0.0332075732619488,0.973872080539617,138,440,"regulation of neuron projection development","BP"
"3376","GO:0006907",0.0332155512332448,0.988534001648154,10,22,"pinocytosis","BP"
"8878","GO:0034205",0.0332649164803192,0.984116487956909,18,45,"amyloid-beta formation","BP"
"6115","GO:0018342",0.0332977712463891,0.992728153678877,6,11,"protein prenylation","BP"
"16854","GO:0097354",0.0332977712463891,0.992728153678877,6,11,"prenylation","BP"
"13607","GO:0055129",0.0333500691120688,0.996055768465866,4,6,"L-proline biosynthetic process","BP"
"2116","GO:0004709",0.0333531156206701,0.987296321821829,12,26,"MAP kinase kinase kinase activity","MF"
"15384","GO:0071229",0.0334631732852788,0.980062700905166,33,92,"cellular response to acid chemical","BP"
"7244","GO:0030838",0.0334989263159767,0.983366008037351,19,52,"positive regulation of actin filament polymerization","BP"
"3750","GO:0008097",0.0335214019561649,0.993451834313397,5,10,"5S rRNA binding","MF"
"6617","GO:0021694",0.0335218589361882,0.990667078641451,8,15,"cerebellar Purkinje cell layer formation","BP"
"16919","GO:0097486",0.0335731451725633,0.995287423355243,4,7,"multivesicular body lumen","CC"
"16429","GO:0090200",0.033574188702193,0.987921893168486,10,25,"positive regulation of release of cytochrome c from mitochondria","BP"
"69","GO:0000152",0.0335967203025172,0.983797618768897,18,47,"nuclear ubiquitin ligase complex","CC"
"204","GO:0000466",0.0336487015309867,0.988182441440005,10,23,"maturation of 5.8S rRNA from tricistronic rRNA transcript (SSU-rRNA, 5.8S rRNA, LSU-rRNA)","BP"
"2108","GO:0004697",0.033662019442023,0.989785268799477,9,17,"diacylglycerol-dependent serine/threonine kinase activity","MF"
"770","GO:0002062",0.0337487873574863,0.978639365441815,41,118,"chondrocyte differentiation","BP"
"2184","GO:0004812",0.0337726244071094,0.984533816375344,16,41,"aminoacyl-tRNA ligase activity","MF"
"3045","GO:0006418",0.0337726244071094,0.984533816375344,16,41,"tRNA aminoacylation for protein translation","BP"
"5914","GO:0016875",0.0337726244071094,0.984533816375344,16,41,"ligase activity, forming carbon-oxygen bonds","MF"
"12431","GO:0048534",0.0338167638706351,0.979224733721475,36,106,"hematopoietic or lymphoid organ development","BP"
"15075","GO:0070552",0.0338542451208071,0.995975263708905,4,6,"BRISC complex","CC"
"12531","GO:0048708",0.0339045604452584,0.980108722873536,31,87,"astrocyte differentiation","BP"
"4507","GO:0010039",0.0340427061009966,0.985939327015797,13,32,"response to iron ion","BP"
"961","GO:0002363",0.0340665521080799,0.985466562130809,14,34,"alpha-beta T cell lineage commitment","BP"
"10503","GO:0042987",0.0341946778440916,0.982153653649739,22,58,"amyloid precursor protein catabolic process","BP"
"10870","GO:0043615",0.0342026650531694,0.993726084335546,5,9,"astrocyte cell migration","BP"
"13633","GO:0060027",0.034322904442613,0.994316921615265,5,8,"convergent extension involved in gastrulation","BP"
"6840","GO:0022900",0.0343795788815332,0.978991926469195,32,122,"electron transport chain","BP"
"13243","GO:0051596",0.0343795907697946,0.997768955836113,3,4,"methylglyoxal catabolic process","BP"
"14554","GO:0061727",0.0343795907697946,0.997768955836113,3,4,"methylglyoxal catabolic process to lactate","BP"
"16807","GO:0097238",0.0343795907697946,0.997768955836113,3,4,"cellular response to methylglyoxal","BP"
"17968","GO:0140041",0.0343795907697946,0.997768955836113,3,4,"cellular detoxification of methylglyoxal","BP"
"18329","GO:0140894",0.0344540102797693,0.983082043705212,19,48,"endolysosomal toll-like receptor signaling pathway","BP"
"13975","GO:0060491",0.0344853458222867,0.975566637386627,68,209,"regulation of cell projection assembly","BP"
"2614","GO:0005635",0.0344889712708363,0.972440589787133,152,513,"nuclear envelope","CC"
"11386","GO:0045637",0.0345047107419846,0.975476685689218,68,218,"regulation of myeloid cell differentiation","BP"
"8089","GO:0032465",0.0345943566669339,0.97912468014911,34,96,"regulation of cytokinesis","BP"
"2736","GO:0005856",0.0346541019001891,0.968922942060839,679,2474,"cytoskeleton","CC"
"12997","GO:0051100",0.0346722623446614,0.982709266350968,19,52,"negative regulation of binding","BP"
"14916","GO:0070269",0.0346817948116117,0.983076674194448,18,49,"pyroptotic inflammatory response","BP"
"13026","GO:0051149",0.0347455296740995,0.980981998087066,25,67,"positive regulation of muscle cell differentiation","BP"
"13124","GO:0051341",0.0348967855019584,0.989158075064883,8,19,"regulation of oxidoreductase activity","BP"
"3495","GO:0007155",0.0349955398701464,0.969365394724519,437,1541,"cell adhesion","BP"
"16878","GO:0097401",0.0350051588856067,0.989318666721368,8,18,"synaptic vesicle lumen acidification","BP"
"10728","GO:0043376",0.0350471840511401,0.99416057991184,5,8,"regulation of CD8-positive, alpha-beta T cell differentiation","BP"
"7265","GO:0030866",0.0350844954557378,0.98384178972112,17,39,"cortical actin cytoskeleton organization","BP"
"12419","GO:0048514",0.0351247597052966,0.971269458147579,188,637,"blood vessel morphogenesis","BP"
"9078","GO:0034644",0.035178270380869,0.979200783104286,31,90,"cellular response to UV","BP"
"5759","GO:0016592",0.035184719932359,0.984281614279307,15,38,"mediator complex","CC"
"11555","GO:0045943",0.0352327580257515,0.984451987813082,15,36,"positive regulation of transcription by RNA polymerase I","BP"
"10622","GO:0043200",0.0352533093233524,0.977548191308993,41,121,"response to amino acid","BP"
"7193","GO:0030658",0.0353359638488509,0.974141411761812,80,258,"transport vesicle membrane","CC"
"17396","GO:0099503",0.0353745524367487,0.969806486361589,294,1106,"secretory vesicle","CC"
"3442","GO:0007030",0.0353822447520844,0.97614674457575,53,156,"Golgi organization","BP"
"15626","GO:0071629",0.0353838582130188,1,3,3,"cytoplasm protein quality control by the ubiquitin-proteasome system","BP"
"6988","GO:0030213",0.0354536607968538,0.990999678687967,7,13,"hyaluronan biosynthetic process","BP"
"9865","GO:0036481",0.0355266892310589,0.99341016095354,5,9,"intrinsic apoptotic signaling pathway in response to hydrogen peroxide","BP"
"16907","GO:0097468",0.0356710856312443,0.98931115504994,8,17,"programmed cell death in response to reactive oxygen species","BP"
"8721","GO:0033703",0.0358488660132513,1,2,2,"3-beta-hydroxy-5-beta-steroid dehydrogenase (NADP+) activity","MF"
"14449","GO:0061512",0.0359163128300377,0.979485678635953,28,77,"protein localization to cilium","BP"
"5570","GO:0016188",0.0359365619005061,0.986266636649971,11,27,"synaptic vesicle maturation","BP"
"12785","GO:0050766",0.0360696414016249,0.979861472475586,25,75,"positive regulation of phagocytosis","BP"
"10031","GO:0039535",0.0360982230745284,0.987556854102888,10,21,"regulation of RIG-I signaling pathway","BP"
"20024","GO:1903895",0.0361960908516313,0.995595471399273,4,6,"negative regulation of IRE1-mediated unfolded protein response","BP"
"21189","GO:1990622",0.0362727703621788,1,2,2,"CHOP-ATF3 complex","CC"
"19935","GO:1903723",0.0362824999142714,1,2,2,"negative regulation of centriole elongation","BP"
"3370","GO:0006898",0.0363097035042059,0.973139904677579,85,273,"receptor-mediated endocytosis","BP"
"15549","GO:0071498",0.0363264334896177,0.984594915108384,14,32,"cellular response to fluid shear stress","BP"
"6105","GO:0018212",0.0363585127585542,0.976747342720222,41,123,"peptidyl-tyrosine modification","BP"
"7505","GO:0031397",0.0363802245043751,0.979669522543395,25,75,"negative regulation of protein ubiquitination","BP"
"2648","GO:0005688",0.0364230482727071,0.994203780765962,4,8,"U6 snRNP","CC"
"3106","GO:0006513",0.0364329231238762,0.980531347300378,23,61,"protein monoubiquitination","BP"
"277","GO:0000819",0.0365462571374981,0.973630060141752,73,232,"sister chromatid segregation","BP"
"19554","GO:1902883",0.0366311266693037,0.991797930938199,6,11,"negative regulation of response to oxidative stress","BP"
"21537","GO:2000353",0.0366467866255746,0.986923648572826,10,23,"positive regulation of endothelial cell apoptotic process","BP"
"7042","GO:0030295",0.0367645756358988,0.975463420156611,49,150,"protein kinase activator activity","MF"
"15587","GO:0071569",0.0368501205282975,0.993090598058789,5,9,"protein ufmylation","BP"
"8505","GO:0033089",0.0368685255204883,0.991730723729501,6,11,"positive regulation of T cell differentiation in thymus","BP"
"10674","GO:0043276",0.0369156709182405,0.983597332887955,15,36,"anoikis","BP"
"2438","GO:0005225",0.0369197477024435,0.992287452690601,6,10,"volume-sensitive anion channel activity","MF"
"10534","GO:0043038",0.0369409487143151,0.982322893697877,17,45,"amino acid activation","BP"
"16850","GO:0097345",0.0369951593499819,0.984403796129418,13,33,"mitochondrial outer membrane permeabilization","BP"
"19639","GO:1903051",0.0370537771990156,0.978559793379655,28,83,"negative regulation of proteolysis involved in protein catabolic process","BP"
"13117","GO:0051310",0.0371783649450139,0.977112275769037,35,104,"metaphase chromosome alignment","BP"
"19255","GO:1902075",0.0372220821434363,0.995426097143525,4,6,"cellular response to salt","BP"
"19180","GO:1901874",0.0372538806127149,0.977914734339589,30,92,"negative regulation of post-translational protein modification","BP"
"571","GO:0001788",0.0372621266571583,0.99299035294762,5,9,"antibody-dependent cellular cytotoxicity","BP"
"4440","GO:0009791",0.037262463077152,0.977241091217517,35,97,"post-embryonic development","BP"
"11615","GO:0046055",0.0372799394226405,0.995416492548723,4,6,"dGMP catabolic process","BP"
"18236","GO:0140677",0.0373300833683528,0.96786786148957,320,1237,"molecular function activator activity","MF"
"11867","GO:0046629",0.0374328355955537,0.985127980584668,12,28,"gamma-delta T cell activation","BP"
"15696","GO:0071738",0.0374776692396544,0.995383625692071,4,6,"IgD immunoglobulin complex","CC"
"15535","GO:0071478",0.0374970211779488,0.973998726114477,58,184,"cellular response to radiation","BP"
"15777","GO:0071895",0.0375149622329382,0.988034792536273,9,18,"odontoblast differentiation","BP"
"12448","GO:0048566",0.03751792145553,0.983645776004901,14,35,"embryonic digestive tract development","BP"
"11443","GO:0045742",0.0375283257044585,0.984384278741242,13,31,"positive regulation of epidermal growth factor receptor signaling pathway","BP"
"11244","GO:0045191",0.0375438272980168,0.98306852271301,15,38,"regulation of isotype switching","BP"
"14597","GO:0061809",0.0375994079458211,0.988904327074744,8,16,"NAD+ nucleosidase activity, cyclic ADP-ribose generating","MF"
"8095","GO:0032471",0.0378128353746477,0.995327763394604,4,6,"negative regulation of endoplasmic reticulum calcium ion concentration","BP"
"17115","GO:0098687",0.0378555505741702,0.970401423137664,123,409,"chromosomal region","CC"
"7628","GO:0031641",0.0379333253969107,0.981143673512136,19,48,"regulation of myelination","BP"
"12626","GO:0050000",0.0379731660762033,0.97560887684236,41,124,"chromosome localization","BP"
"6230","GO:0019220",0.0379820610429945,0.969206092284668,166,576,"regulation of phosphate metabolic process","BP"
"4467","GO:0009898",0.0380059725798829,0.974232669860406,52,161,"cytoplasmic side of plasma membrane","CC"
"11491","GO:0045830",0.0380887569228777,0.98467748402312,12,29,"positive regulation of isotype switching","BP"
"7014","GO:0030247",0.0381380020741776,0.985424643079104,11,26,"polysaccharide binding","MF"
"350","GO:0001101",0.0384950036791322,0.974754632924674,45,134,"response to acid chemical","BP"
"21132","GO:1990459",0.0385314900595053,0.991256467370044,6,11,"transferrin receptor binding","MF"
"12229","GO:0048002",0.0385772256190937,0.978760610180855,23,72,"antigen processing and presentation of peptide antigen","BP"
"8825","GO:0034121",0.0385853821804411,0.982528938485023,15,38,"regulation of toll-like receptor signaling pathway","BP"
"4079","GO:0008670",0.0386117393280323,1,2,2,"2,4-dienoyl-CoA reductase (NADPH) activity","MF"
"19868","GO:1903564",0.0386650692869068,0.991821765825919,6,10,"regulation of protein localization to cilium","BP"
"292","GO:0000900",0.0387333922493497,0.987565011544824,9,18,"mRNA regulatory element binding translation repressor activity","MF"
"21927","GO:2001138",0.0387444463265757,0.989202526060698,7,15,"regulation of phospholipid transport","BP"
"21929","GO:2001140",0.0387444463265757,0.989202526060698,7,15,"positive regulation of phospholipid transport","BP"
"9438","GO:0035631",0.0387913217193586,0.991181823329382,6,11,"CD40 receptor complex","CC"
"12324","GO:0048254",0.0388243040065465,0.997345753257046,3,4,"snoRNA localization","BP"
"19996","GO:1903828",0.0388764367926138,0.972360397668885,65,211,"negative regulation of protein localization","BP"
"10791","GO:0043491",0.038987804709561,0.970212010069572,103,334,"phosphatidylinositol 3-kinase/protein kinase B signal transduction","BP"
"16691","GO:0097057",0.0390162970249016,1,2,2,"TRAF2-GSTP1 complex","CC"
"8267","GO:0032731",0.0391639563836522,0.978917359073042,22,64,"positive regulation of interleukin-1 beta production","BP"
"10873","GO:0043625",0.0394119354914372,0.997288052790418,3,4,"delta DNA polymerase complex","CC"
"14519","GO:0061654",0.0394499343821544,1,2,2,"NEDD8 conjugating enzyme activity","MF"
"19293","GO:1902176",0.0395720701190214,0.98371426554168,12,31,"negative regulation of oxidative stress-induced intrinsic apoptotic signaling pathway","BP"
"183","GO:0000425",0.0396145960095012,0.987223148524034,9,18,"pexophagy","BP"
"7012","GO:0030242",0.0396145960095012,0.987223148524034,9,18,"autophagy of peroxisome","BP"
"18352","GO:0140934",0.0396376001676086,0.993145517060951,5,8,"histone deubiquitinase activity","MF"
"5093","GO:0015074",0.0396642205151305,0.995015811645963,4,6,"DNA integration","BP"
"7453","GO:0031265",0.0397328245895173,0.995004143114752,4,6,"CD95 death-inducing signaling complex","CC"
"10235","GO:0042405",0.0397664326400698,0.990158716350001,7,12,"nuclear inclusion body","CC"
"7030","GO:0030278",0.0400969984698063,0.974006134962486,42,126,"regulation of ossification","BP"
"9542","GO:0035791",0.0400995010169625,0.988384447665376,8,15,"platelet-derived growth factor receptor-beta signaling pathway","BP"
"8340","GO:0032831",0.0401170196201534,0.994015716086878,4,7,"positive regulation of CD4-positive, CD25-positive, alpha-beta regulatory T cell differentiation","BP"
"6165","GO:0019042",0.0401192790536102,0.994938268783442,4,6,"viral latency","BP"
"402","GO:0001525",0.0401618111563495,0.967479310592996,162,550,"angiogenesis","BP"
"15744","GO:0071830",0.0402236346660497,0.993380901626776,4,8,"triglyceride-rich lipoprotein particle clearance","BP"
"9259","GO:0035254",0.0402551429611158,0.980289136049793,18,45,"glutamate receptor binding","MF"
"16515","GO:0090330",0.0403162183127113,0.983029632121531,13,31,"regulation of platelet aggregation","BP"
"15536","GO:0071479",0.0403744401536989,0.977107831667031,26,73,"cellular response to ionizing radiation","BP"
"18930","GO:1901071",0.0404573134306224,0.984375320612027,11,26,"glucosamine-containing compound metabolic process","BP"
"6400","GO:0019789",0.0404925578831557,0.983697156650725,12,28,"SUMO transferase activity","MF"
"5521","GO:0016078",0.0406800913933695,0.986245782664979,9,20,"tRNA decay","BP"
"8125","GO:0032506",0.0407085062606966,0.979078304541442,20,52,"cytokinetic process","BP"
"15057","GO:0070524",0.0407142639741685,1,2,2,"11-beta-hydroxysteroid dehydrogenase (NADP+) activity","MF"
"17519","GO:0102196",0.0407142639741685,1,2,2,"cortisol dehydrogenase (NADP+) activity","MF"
"4688","GO:0010656",0.0407917114089472,0.980300132864238,17,44,"negative regulation of muscle cell apoptotic process","BP"
"9039","GO:0034511",0.0409267693361773,0.990562899379616,6,11,"U3 snoRNA binding","MF"
"9513","GO:0035743",0.0409391595914603,0.986840674423364,8,19,"CD4-positive, alpha-beta T cell cytokine production","BP"
"15175","GO:0070741",0.0409707385468596,0.981284269030561,15,38,"response to interleukin-6","BP"
"3","GO:0000014",0.041088253433049,0.990515704933275,6,11,"single-stranded DNA endodeoxyribonuclease activity","MF"
"1823","GO:0004198",0.0411335202203196,0.987287088722619,8,17,"calcium-dependent cysteine-type endopeptidase activity","MF"
"21752","GO:2000679",0.0413236085829379,0.990446824024334,6,11,"positive regulation of transcription regulatory region DNA binding","BP"
"15601","GO:0071596",0.0414227465906615,0.996358571475264,4,5,"ubiquitin-dependent protein catabolic process via the N-end rule pathway","BP"
"11352","GO:0045596",0.0414630844699943,0.965685622190044,197,690,"negative regulation of cell differentiation","BP"
"3368","GO:0006896",0.0414717183934336,0.986188587625297,9,19,"Golgi to vacuole transport","BP"
"11946","GO:0046827",0.0414829220294718,0.986184091676771,9,19,"positive regulation of protein export from nucleus","BP"
"7209","GO:0030684",0.0415122269826499,0.97470397419876,31,103,"preribosome","CC"
"4441","GO:0009792",0.0415576431717988,0.965449345241267,208,718,"embryo development ending in birth or egg hatching","BP"
"12401","GO:0048476",0.0417105550907185,0.997058522066666,3,4,"Holliday junction resolvase complex","CC"
"10223","GO:0042379",0.0417260590407426,0.977711212520996,19,75,"chemokine receptor binding","MF"
"16819","GO:0097264",0.0419223827585084,0.990271063889617,6,11,"self proteolysis","BP"
"19177","GO:1901862",0.0419772160740747,0.989746426458106,6,12,"negative regulation of muscle tissue development","BP"
"13626","GO:0060020",0.0420232907364124,0.9902413711004,6,11,"Bergmann glial cell differentiation","BP"
"18525","GO:0150076",0.0420396037402347,0.975148641512878,29,85,"neuroinflammatory response","BP"
"10515","GO:0043011",0.0420749013968028,0.985441953288474,9,21,"myeloid dendritic cell differentiation","BP"
"33","GO:0000075",0.0421322877745366,0.970472524978629,59,186,"cell cycle checkpoint signaling","BP"
"8188","GO:0032615",0.0421877071179967,0.977142661466537,22,63,"interleukin-12 production","BP"
"8218","GO:0032655",0.0421877071179967,0.977142661466537,22,63,"regulation of interleukin-12 production","BP"
"10026","GO:0039530",0.042237685285085,0.990178214634697,6,11,"MDA-5 signaling pathway","BP"
"9820","GO:0036376",0.0423149791457855,0.985134788544136,9,22,"sodium ion export across plasma membrane","BP"
"7909","GO:0032206",0.0427676025183464,0.975555826817082,26,74,"positive regulation of telomere maintenance","BP"
"7913","GO:0032211",0.0429050295659257,0.984454723837359,10,22,"negative regulation of telomere maintenance via telomerase","BP"
"13181","GO:0051452",0.0429490341083342,0.977502376753415,20,56,"intracellular pH reduction","BP"
"18501","GO:0150034",0.0429496911424154,0.967751664383061,89,280,"distal axon","CC"
"12758","GO:0050686",0.0429726020600128,0.984198540256857,10,23,"negative regulation of mRNA processing","BP"
"20217","GO:1904292",0.0429817002698123,0.983219623762706,11,26,"regulation of ERAD pathway","BP"
"1177","GO:0002710",0.0430692037241625,0.980593809102689,14,37,"negative regulation of T cell mediated immunity","BP"
"12783","GO:0050764",0.0430764882548959,0.973389624781864,33,103,"regulation of phagocytosis","BP"
"2730","GO:0005849",0.0430962316371302,0.984144394124167,10,23,"mRNA cleavage factor complex","CC"
"16884","GO:0097413",0.0430999326510803,0.991532518939663,5,9,"Lewy body","CC"
"11630","GO:0046073",0.0432182018533511,0.99338475240804,4,7,"dTMP metabolic process","BP"
"11313","GO:0045475",0.0433359689100449,0.986803823339914,8,16,"locomotor rhythm","BP"
"15374","GO:0071218",0.0434075141267802,0.984498325216216,10,21,"cellular response to misfolded protein","BP"
"13658","GO:0060055",0.0434088247469746,0.982147079627486,12,29,"angiogenesis involved in wound healing","BP"
"2083","GO:0004659",0.0434426261532075,0.986411269656424,8,17,"prenyltransferase activity","MF"
"21012","GO:1990117",0.0434749815195579,1,2,2,"B cell receptor apoptotic signaling pathway","BP"
"2132","GO:0004735",0.0435302528174974,0.996872557892881,3,4,"pyrroline-5-carboxylate reductase activity","MF"
"19292","GO:1902175",0.0435773174436348,0.979034354274254,16,44,"regulation of oxidative stress-induced intrinsic apoptotic signaling pathway","BP"
"2198","GO:0004826",0.0435858528588933,0.996866817378032,3,4,"phenylalanine-tRNA ligase activity","MF"
"3059","GO:0006432",0.0435858528588933,0.996866817378032,3,4,"phenylalanyl-tRNA aminoacylation","BP"
"6449","GO:0019898",0.0436121041196125,0.969916447784638,54,167,"extrinsic component of membrane","CC"
"15810","GO:0071960",0.043633304634379,1,2,2,"maintenance of mitotic sister chromatid cohesion, centromeric","BP"
"21767","GO:2000718",0.043633304634379,1,2,2,"regulation of maintenance of mitotic sister chromatid cohesion, centromeric","BP"
"13022","GO:0051145",0.0436355484414616,0.975730359876703,24,66,"smooth muscle cell differentiation","BP"
"4823","GO:0010877",0.0436870469356332,1,2,2,"lipid transport involved in lipid storage","BP"
"3557","GO:0007252",0.0437261141849897,0.996852320562622,3,4,"I-kappaB phosphorylation","BP"
"2641","GO:0005681",0.0437297194517067,0.968997943534413,60,206,"spliceosomal complex","CC"
"14506","GO:0061630",0.0437605879644335,0.965896799291183,114,375,"ubiquitin protein ligase activity","MF"
"21512","GO:2000320",0.0438171369819031,0.987427690710593,7,15,"negative regulation of T-helper 17 cell differentiation","BP"
"7481","GO:0031341",0.0438471534650376,0.9725220271932,34,112,"regulation of cell killing","BP"
"13424","GO:0051960",0.043938291856676,0.964915982316705,140,456,"regulation of nervous system development","BP"
"14564","GO:0061740",0.043954046132564,0.996828715767419,3,4,"protein targeting to lysosome involved in chaperone-mediated autophagy","BP"
"3831","GO:0008234",0.0439630108678587,0.969100022832252,59,186,"cysteine-type peptidase activity","MF"
"5241","GO:0015377",0.0439725787150343,0.984256989739637,10,21,"chloride:monoatomic cation symporter activity","MF"
"14773","GO:0070032",0.0439814439461044,0.996825874540691,3,4,"synaptobrevin 2-SNAP-25-syntaxin-1a-complexin I complex","CC"
"5420","GO:0015866",0.0440566422443191,0.989100087504652,6,12,"ADP transport","BP"
"21155","GO:1990535",0.0441357121599568,0.988186091716856,7,13,"neuron projection maintenance","BP"
"15586","GO:0071568",0.0441573792663685,1,2,2,"UFM1 transferase activity","MF"
"14832","GO:0070141",0.0441969143010936,0.987292558408241,7,15,"response to UV-A","BP"
"595","GO:0001818",0.044236416515478,0.96654555980568,89,309,"negative regulation of cytokine production","BP"
"15214","GO:0070851",0.0442944374606905,0.970703079385655,43,139,"growth factor receptor binding","MF"
"2541","GO:0005484",0.044321981910927,0.979940970364106,14,37,"SNAP receptor activity","MF"
"2040","GO:0004601",0.0443357905068768,0.978179709480365,16,50,"peroxidase activity","MF"
"5334","GO:0015734",0.0444116844724317,0.992047483149847,5,8,"taurine transmembrane transport","BP"
"10474","GO:0042918",0.0444116844724317,0.992047483149847,5,8,"alkanesulfonate transmembrane transport","BP"
"11374","GO:0045624",0.0444459811763638,0.982542971457122,11,26,"positive regulation of T-helper cell differentiation","BP"
"2658","GO:0005721",0.044479156084267,0.981139649400141,13,30,"pericentric heterochromatin","CC"
"3183","GO:0006600",0.0445184194991584,0.996770020619016,3,4,"creatine metabolic process","BP"
"13853","GO:0060338",0.0446455759873931,0.978168499409786,17,44,"regulation of type I interferon-mediated signaling pathway","BP"
"1249","GO:0002832",0.0446655980999559,0.970329749896988,44,140,"negative regulation of response to biotic stimulus","BP"
"6946","GO:0030154",0.044667748889474,0.958882621267688,1202,4510,"cell differentiation","BP"
"20513","GO:1904893",0.044693532723533,0.982628152193155,11,25,"negative regulation of receptor signaling pathway via STAT","BP"
"3785","GO:0008157",0.0447506655859177,0.982601902867027,11,25,"protein phosphatase 1 binding","MF"
"2371","GO:0005123",0.0447765792457989,0.984310608333827,9,21,"death receptor binding","MF"
"15547","GO:0071495",0.0447954045580362,0.961036278016834,357,1269,"cellular response to endogenous stimulus","BP"
"5980","GO:0017054",0.044820441679468,1,2,2,"negative cofactor 2 complex","CC"
"21874","GO:2000973",0.044854333024904,0.991943574267178,5,8,"regulation of pro-B cell differentiation","BP"
"16967","GO:0097581",0.0449540727163221,0.972621910442392,32,91,"lamellipodium organization","BP"
"10228","GO:0042393",0.0450493449655963,0.96850563666217,58,174,"histone binding","MF"
"10725","GO:0043373",0.0451820913895967,0.980472394541211,13,32,"CD4-positive, alpha-beta T cell lineage commitment","BP"
"13127","GO:0051346",0.0452295325613741,0.979032443592816,15,38,"negative regulation of hydrolase activity","BP"
"16547","GO:0090402",0.0452558517844104,0.992960725633699,4,7,"oncogene-induced cell senescence","BP"
"20854","GO:1905669",0.0452801148792025,1,2,2,"TORC1 complex assembly","BP"
"12028","GO:0046972",0.0453033452656152,0.996687802586737,3,4,"histone H4K16 acetyltransferase activity","MF"
"17495","GO:0101003",0.0453266624630539,0.975349115263498,22,61,"ficolin-1-rich granule membrane","CC"
"877","GO:0002244",0.0453342267969302,0.969965551355136,44,134,"hematopoietic progenitor cell differentiation","BP"
"11306","GO:0045445",0.0453448804556089,0.971005605772116,38,113,"myoblast differentiation","BP"
"3371","GO:0006900",0.0453765777656645,0.972713027291749,30,88,"vesicle budding from membrane","BP"
"6884","GO:0030041",0.0455197368666755,0.968953636302869,50,156,"actin filament polymerization","BP"
"12693","GO:0050435",0.0455602641614281,0.975334159332317,22,59,"amyloid-beta metabolic process","BP"
"12603","GO:0048869",0.0455638680590034,0.958044219178114,1202,4511,"cellular developmental process","BP"
"3375","GO:0006906",0.0456129270810242,0.969854429841588,43,134,"vesicle fusion","BP"
"21312","GO:1990904",0.0456423287466093,0.962428771587818,172,681,"ribonucleoprotein complex","CC"
"6866","GO:0030015",0.0457012454936611,0.993960069710849,4,6,"CCR4-NOT core complex","CC"
"3407","GO:0006968",0.0457452513646927,0.976628386288203,18,52,"cellular defense response","BP"
"20028","GO:1903899",0.0457505983453232,0.996640651481071,3,4,"positive regulation of PERK-mediated unfolded protein response","BP"
"12156","GO:0047676",0.0457896102665909,0.989118343657976,6,11,"arachidonate-CoA ligase activity","MF"
"19695","GO:1903215",0.0457921846630784,0.993943728588046,4,6,"negative regulation of protein targeting to mitochondrion","BP"
"3731","GO:0008064",0.0458188633203589,0.969004845226786,48,149,"regulation of actin polymerization or depolymerization","BP"
"8247","GO:0032695",0.0460358920177279,0.985414062483588,8,17,"negative regulation of interleukin-12 production","BP"
"7348","GO:0031023",0.0460681577493056,0.968241674166071,53,162,"microtubule organizing center organization","BP"
"3397","GO:0006949",0.0462040599555148,0.974134070475032,24,66,"syncytium formation","BP"
"8552","GO:0033194",0.0462147964125604,0.98396206260645,9,20,"response to hydroperoxide","BP"
"17965","GO:0140035",0.0462206564883333,0.98301087452789,10,22,"ubiquitin-like protein reader activity","MF"
"12731","GO:0050654",0.0462835730262149,0.97929854145984,14,34,"chondroitin sulfate proteoglycan metabolic process","BP"
"5884","GO:0016825",0.0463273568159988,1,2,2,"hydrolase activity, acting on acid phosphorus-nitrogen bonds","MF"
"6874","GO:0030027",0.0463462952332388,0.96654629072954,68,209,"lamellipodium","CC"
"6468","GO:0019956",0.0463473270766249,0.979741276093397,13,33,"chemokine binding","MF"
"8254","GO:0032713",0.0463841876011061,0.992722773029053,4,7,"negative regulation of interleukin-4 production","BP"
"2253","GO:0004917",0.0464384366464409,1,2,2,"interleukin-7 receptor activity","MF"
"16339","GO:0090066",0.0464448225397622,0.962476082572155,150,509,"regulation of anatomical structure size","BP"
"1211","GO:0002761",0.0465301850753631,0.969536389216438,41,127,"regulation of myeloid leukocyte differentiation","BP"
"11373","GO:0045623",0.0465523851773026,0.983558502326281,9,21,"negative regulation of T-helper cell differentiation","BP"
"860","GO:0002204",0.0465678234249593,0.975427461980994,20,55,"somatic recombination of immunoglobulin genes involved in immune response","BP"
"861","GO:0002208",0.0465678234249593,0.975427461980994,20,55,"somatic diversification of immunoglobulins involved in immune response","BP"
"11243","GO:0045190",0.0465678234249593,0.975427461980994,20,55,"isotype switching","BP"
"11534","GO:0045916",0.0466018605607024,0.986846268741214,7,14,"negative regulation of complement activation","BP"
"4788","GO:0010824",0.0466163511848629,0.976105543200107,19,49,"regulation of centrosome duplication","BP"
"2611","GO:0005615",0.0467672029064212,0.957458071039872,803,3227,"extracellular space","CC"
"19607","GO:1902998",0.0467686417583094,1,2,2,"positive regulation of neurofibrillary tangle assembly","BP"
"20486","GO:1904855",0.0467956528038798,1,2,2,"proteasome regulatory particle binding","MF"
"11468","GO:0045786",0.0468063222109777,0.963518331365013,110,372,"negative regulation of cell cycle","BP"
"11050","GO:0044546",0.0468605754468005,0.975253387167635,20,55,"NLRP3 inflammasome complex assembly","BP"
"10607","GO:0043178",0.0469232432665328,0.971333334778064,31,94,"alcohol binding","MF"
"10764","GO:0043422",0.0470636985339957,0.988732066142332,6,11,"protein kinase B binding","MF"
"19603","GO:1902994",0.0471494725333085,0.996491767143308,3,4,"regulation of phospholipid efflux","BP"
"19604","GO:1902995",0.0471494725333085,0.996491767143308,3,4,"positive regulation of phospholipid efflux","BP"
"3358","GO:0006884",0.0471757860735338,0.978117994235968,15,37,"cell volume homeostasis","BP"
"16839","GO:0097320",0.0472618556107075,0.983829278815628,9,19,"plasma membrane tubulation","BP"
"13201","GO:0051493",0.0472798088597115,0.961510067142203,161,539,"regulation of cytoskeleton organization","BP"
"19936","GO:1903724",0.0473449743590583,0.99366274953838,4,6,"positive regulation of centriole elongation","BP"
"16407","GO:0090170",0.0473720400761308,0.996467883032718,3,4,"regulation of Golgi inheritance","BP"
"21641","GO:2000515",0.0473762268769396,0.978336120892512,14,37,"negative regulation of CD4-positive, alpha-beta T cell activation","BP"
"16889","GO:0097427",0.0473943783322497,0.993653749570437,4,6,"microtubule bundle","CC"
"10006","GO:0038187",0.047408911665286,0.975663128303545,18,52,"pattern recognition receptor activity","MF"
"8984","GO:0034399",0.0474158502680762,0.97950486662494,13,31,"nuclear periphery","CC"
"299","GO:0000922",0.047487556858631,0.966458668885526,59,185,"spindle pole","CC"
"11337","GO:0045577",0.0475572431915548,0.978362890010662,14,36,"regulation of B cell differentiation","BP"
"247","GO:0000768",0.0475719950958851,0.973650002296842,23,63,"syncytium formation by plasma membrane fusion","BP"
"18073","GO:0140253",0.0475719950958851,0.973650002296842,23,63,"cell-cell fusion","BP"
"5216","GO:0015296",0.0476286863390125,0.981510446420747,11,24,"monoatomic anion:monoatomic cation symporter activity","MF"
"7280","GO:0030887",0.0476965734054072,1,2,2,"positive regulation of myeloid dendritic cell activation","BP"
"15722","GO:0071796",0.0477014692493012,1,2,2,"K6-linked polyubiquitin modification-dependent protein binding","MF"
"12977","GO:0051056",0.0477120931509388,0.963352822619528,102,310,"regulation of small GTPase mediated signal transduction","BP"
"11229","GO:0045171",0.047810715634059,0.970328801322722,33,98,"intercellular bridge","CC"
"10088","GO:0042059",0.0478374034014371,0.979994967422998,12,29,"negative regulation of epidermal growth factor receptor signaling pathway","BP"
"8797","GO:0034066",0.0478820624597937,1,2,2,"Ric1-Rgp1 guanyl-nucleotide exchange factor complex","CC"
"21773","GO:2000725",0.0480372903688722,0.985030010820134,8,16,"regulation of cardiac muscle cell differentiation","BP"
"9638","GO:0035979",0.0480833943166749,1,3,3,"histone H2AXS139 kinase activity","MF"
"19330","GO:1902253",0.0480872651346592,0.978588614820374,13,35,"regulation of intrinsic apoptotic signaling pathway by p53 class mediator","BP"
"21051","GO:1990239",0.0481330326199892,0.993518748312229,4,6,"steroid hormone binding","MF"
"13876","GO:0060369",0.0483465095988946,0.993479578737504,4,6,"positive regulation of Fc receptor mediated stimulatory signaling pathway","BP"
"10521","GO:0043022",0.0484684051475396,0.969084200682424,36,112,"ribosome binding","MF"
"9143","GO:0034757",0.0485357437831283,0.997634863675412,2,3,"negative regulation of iron ion transport","BP"
"11049","GO:0044545",0.0485386164405127,0.988280978157909,6,11,"NSL complex","CC"
"16400","GO:0090160",0.0485444114474015,0.988279197599605,6,11,"Golgi to lysosome transport","BP"
"18812","GO:1900180",0.0487088244155449,0.966497135866055,51,158,"regulation of protein localization to nucleus","BP"
"20898","GO:1905780",0.0488595298510388,1,2,2,"regulation of phosphatidylserine exposure on apoptotic cell surface","BP"
"20899","GO:1905782",0.0488595298510388,1,2,2,"positive regulation of phosphatidylserine exposure on apoptotic cell surface","BP"
"17966","GO:0140036",0.0488822579050673,0.983156597571563,9,19,"ubiquitin-modified protein reader activity","MF"
"15329","GO:0071044",0.0489606727433432,0.98815113119734,6,11,"histone mRNA catabolic process","BP"
"19013","GO:1901329",0.0490261708006885,0.988130950197545,6,11,"regulation of odontoblast differentiation","BP"
"4333","GO:0009313",0.0490281564246049,0.984246142683605,8,17,"oligosaccharide catabolic process","BP"
"9591","GO:0035877",0.0490682442875755,0.996284108920872,3,4,"death effector domain binding","MF"
"17772","GO:0120032",0.0491805412989008,0.964503346676856,66,206,"regulation of plasma membrane bounded cell projection assembly","BP"
"18366","GO:0140950",0.0491889051042685,0.993324346322501,4,6,"histone H2A deubiquitinase activity","MF"
"11508","GO:0045860",0.0492489696849425,0.967501554048853,42,127,"positive regulation of protein kinase activity","BP"
"16069","GO:0072429",0.0493702563823765,0.996251064689916,3,4,"response to intra-S DNA damage checkpoint signaling","BP"
"12277","GO:0048144",0.0493996663176371,0.968435869985802,36,112,"fibroblast proliferation","BP"
"2491","GO:0005332",0.0494729891726556,0.993271757921094,4,6,"gamma-aminobutyric acid:sodium:chloride symporter activity","MF"
"20235","GO:1904339",0.0494776116219555,0.996239295173537,3,4,"negative regulation of dopaminergic neuron differentiation","BP"
"774","GO:0002066",0.0494791451674328,0.980183397475011,11,26,"columnar/cuboidal epithelial cell development","BP"
"3895","GO:0008334",0.0497008545193238,0.982490766731109,9,20,"histone mRNA metabolic process","BP"
"932","GO:0002322",0.0497555926876728,0.993219324581545,4,6,"B cell proliferation involved in immune response","BP"
"8733","GO:0033764",0.0498363033712592,0.979044591015684,11,32,"steroid dehydrogenase activity, acting on the CH-OH group of donors, NAD or NADP as acceptor","MF"
"8295","GO:0032777",0.0498532114144041,0.996198021233331,3,4,"piccolo histone acetyltransferase complex","CC"
"10105","GO:0042105",0.049962288820171,0.989023860083514,5,10,"alpha-beta T cell receptor complex","CC"
"8202","GO:0032637",0.0499728956739611,0.970321401342953,27,84,"interleukin-8 production","BP"
"8232","GO:0032677",0.0499728956739611,0.970321401342953,27,84,"regulation of interleukin-8 production","BP"
"18246","GO:0140694",0.0499935882226269,0.960092230791174,131,441,"membraneless organelle assembly","BP"
"11900","GO:0046685",0.0499998742682661,0.978753342836122,12,30,"response to arsenic-containing substance","BP"
